record_id,candidate_id,title,doi,final_code,uncertainty_reason,final_docling_status,selected_attempt_status,source_kind,source_file,docling_json,markdown,chunks,chunk_count,figure_count,figures_manifest,manifest,output_root,attempt_count,notes
rec_000031,full_2026-07-06__rec_000031,CLAMP: predicting specific protein-mediated chromatin loops in diverse species with a chromatin accessibility language model.,10.1186/s13059-026-03948-9,none,generative_status_unclear,docling_ok,ok,pdf,data/full_text_downloads_2026-07-07/batch_000_049/full_2026-07-06__rec_000031__CLAMP_predicting_specific_protein-mediated_chromatin_loops_in_diverse_/full_text_09_europepmc_Europe_PMC.pdf,data/docling_uncertain_no_vlm_2026-07-08/documents/full_2026_07_06_rec_000031.docling.json,data/docling_uncertain_no_vlm_2026-07-08/markdown/full_2026_07_06_rec_000031.md,data/docling_uncertain_no_vlm_2026-07-08/chunks/full_2026_07_06_rec_000031.jsonl,124,13,data/docling_uncertain_no_vlm_2026-07-08/figures/full_2026_07_06_rec_000031/figures_manifest.json,data/docling_uncertain_no_vlm_2026-07-08/manifests/docling_smoke_manifest.json,data/docling_uncertain_no_vlm_2026-07-08,1,
rec_000106,full_2026-07-06__rec_000106,CELLama: Foundation Model for Single Cell and Spatial Transcriptomics by Cell Embedding Leveraging Language Model Abilities.,10.1002/advs.202513210,none,generative_status_unclear,docling_ok,ok,pdf,data/full_text_downloads_2026-07-07/batch_000_049/full_2026-07-06__rec_000106__CELLama_Foundation_Model_for_Single_Cell_and_Spatial_Transcriptomics_b/full_text_09_europepmc_Europe_PMC.pdf,data/docling_uncertain_no_vlm_2026-07-08/documents/full_2026_07_06_rec_000106.docling.json,data/docling_uncertain_no_vlm_2026-07-08/markdown/full_2026_07_06_rec_000106.md,data/docling_uncertain_no_vlm_2026-07-08/chunks/full_2026_07_06_rec_000106.jsonl,103,32,data/docling_uncertain_no_vlm_2026-07-08/figures/full_2026_07_06_rec_000106/figures_manifest.json,data/docling_uncertain_no_vlm_2026-07-08/manifests/docling_smoke_manifest.json,data/docling_uncertain_no_vlm_2026-07-08,1,
rec_000129,full_2026-07-06__rec_000129,Genos: a human-centric genomic foundation model.,10.1093/gigascience/giaf132,none,generative_status_unclear,docling_ok,ok,pdf,data/full_text_downloads_2026-07-07/batch_000_049/full_2026-07-06__rec_000129__Genos_a_human-centric_genomic_foundation_model./full_text_09_europepmc_Europe_PMC.pdf,data/docling_uncertain_no_vlm_2026-07-08/documents/full_2026_07_06_rec_000129.docling.json,data/docling_uncertain_no_vlm_2026-07-08/markdown/full_2026_07_06_rec_000129.md,data/docling_uncertain_no_vlm_2026-07-08/chunks/full_2026_07_06_rec_000129.jsonl,92,10,data/docling_uncertain_no_vlm_2026-07-08/figures/full_2026_07_06_rec_000129/figures_manifest.json,data/docling_uncertain_no_vlm_2026-07-08/manifests/docling_smoke_manifest.json,data/docling_uncertain_no_vlm_2026-07-08,1,
rec_000149,full_2026-07-06__rec_000149,Predicting functional constraints across evolutionary timescales with phylogeny-informed genomic language models.,10.1101/2025.09.21.677619,none,generative_status_unclear,docling_ok,ok,pdf,data/full_text_problem_retry_2026-07-08/biorxiv_chrome_download_fixed/rec_000149_2025.09.21.677619v1.full.pdf,data/docling_uncertain_biorxiv_chrome_no_vlm_2026-07-08/documents/rec_000149_2025_09_21_677619v1_full.docling.json,data/docling_uncertain_biorxiv_chrome_no_vlm_2026-07-08/markdown/rec_000149_2025_09_21_677619v1_full.md,data/docling_uncertain_biorxiv_chrome_no_vlm_2026-07-08/chunks/rec_000149_2025_09_21_677619v1_full.jsonl,263,27,data/docling_uncertain_biorxiv_chrome_no_vlm_2026-07-08/figures/rec_000149_2025_09_21_677619v1_full/figures_manifest.json,data/docling_uncertain_biorxiv_chrome_no_vlm_2026-07-08/manifests/docling_smoke_manifest.json,data/docling_uncertain_biorxiv_chrome_no_vlm_2026-07-08,2,
rec_000324,full_2026-07-06__rec_000324,EpiGePT: a pretrained transformer-based language model for context-specific human epigenomics.,10.1186/s13059-024-03449-7,none,generative_status_unclear,docling_ok,ok,pdf,data/full_text_downloads_2026-07-07/batch_000_049/full_2026-07-06__rec_000324__EpiGePT_a_pretrained_transformer-based_language_model_for_context-spec/full_text_01_openalex_pdf_url.pdf,data/docling_uncertain_no_vlm_2026-07-08/documents/full_2026_07_06_rec_000324.docling.json,data/docling_uncertain_no_vlm_2026-07-08/markdown/full_2026_07_06_rec_000324.md,data/docling_uncertain_no_vlm_2026-07-08/chunks/full_2026_07_06_rec_000324.jsonl,157,8,data/docling_uncertain_no_vlm_2026-07-08/figures/full_2026_07_06_rec_000324/figures_manifest.json,data/docling_uncertain_no_vlm_2026-07-08/manifests/docling_smoke_manifest.json,data/docling_uncertain_no_vlm_2026-07-08,1,
rec_000405,full_2026-07-06__rec_000405,Multimodal Learning for Mapping the Genotype-Phenotype Dynamics.,10.21203/rs.3.rs-4355413/v1,none,generative_status_unclear,docling_ok,ok,pdf,data/full_text_downloads_2026-07-07/batch_000_049/full_2026-07-06__rec_000405__Multimodal_Learning_for_Mapping_the_Genotype-Phenotype_Dynamics./full_text_05_openalex_pdf_url.pdf,data/docling_uncertain_no_vlm_2026-07-08/documents/full_2026_07_06_rec_000405.docling.json,data/docling_uncertain_no_vlm_2026-07-08/markdown/full_2026_07_06_rec_000405.md,data/docling_uncertain_no_vlm_2026-07-08/chunks/full_2026_07_06_rec_000405.jsonl,92,14,data/docling_uncertain_no_vlm_2026-07-08/figures/full_2026_07_06_rec_000405/figures_manifest.json,data/docling_uncertain_no_vlm_2026-07-08/manifests/docling_smoke_manifest.json,data/docling_uncertain_no_vlm_2026-07-08,1,
rec_000483,full_2026-07-06__rec_000483,EpiGePT: a Pretrained Transformer model for epigenomics.,10.1101/2023.07.15.549134,none,generative_status_unclear,docling_ok,ok,pdf,data/full_text_missing_uncertain_retry_2026-07-08/standard_retry/run__rec_000483__EpiGePT_a_Pretrained_Transformer_model_for_epigenomics./full_text_05_openalex_content_pdf.pdf,data/docling_uncertain_no_vlm_retry_2026-07-08/documents/run_rec_000483.docling.json,data/docling_uncertain_no_vlm_retry_2026-07-08/markdown/run_rec_000483.md,data/docling_uncertain_no_vlm_retry_2026-07-08/chunks/run_rec_000483.jsonl,118,6,data/docling_uncertain_no_vlm_retry_2026-07-08/figures/run_rec_000483/figures_manifest.json,data/docling_uncertain_no_vlm_retry_2026-07-08/manifests/docling_smoke_manifest.json,data/docling_uncertain_no_vlm_retry_2026-07-08,1,
rec_000696,full_2026-07-06__rec_000696,Deciphering enzymatic potential in metagenomic reads through DNA language models,10.1093/nar/gkaf836,none,generative_status_unclear,docling_ok,ok,pdf,data/full_text_downloads_2026-07-07/batch_000_049/full_2026-07-06__rec_000696__Deciphering_enzymatic_potential_in_metagenomic_reads_through_DNA_langu/full_text_09_europepmc_Europe_PMC.pdf,data/docling_uncertain_no_vlm_2026-07-08/documents/full_2026_07_06_rec_000696.docling.json,data/docling_uncertain_no_vlm_2026-07-08/markdown/full_2026_07_06_rec_000696.md,data/docling_uncertain_no_vlm_2026-07-08/chunks/full_2026_07_06_rec_000696.jsonl,118,9,data/docling_uncertain_no_vlm_2026-07-08/figures/full_2026_07_06_rec_000696/figures_manifest.json,data/docling_uncertain_no_vlm_2026-07-08/manifests/docling_smoke_manifest.json,data/docling_uncertain_no_vlm_2026-07-08,1,
rec_000711,full_2026-07-06__rec_000711,PTM-Mamba: a PTM-aware protein language model with bidirectional gated Mamba blocks,10.1038/s41592-025-02656-9,none,generative_status_unclear,docling_ok,ok,pdf,data/full_text_downloads_2026-07-07/batch_000_049/full_2026-07-06__rec_000711__PTM-Mamba_a_PTM-aware_protein_language_model_with_bidirectional_gated_/full_text_01_openalex_pdf_url.pdf,data/docling_uncertain_no_vlm_2026-07-08/documents/full_2026_07_06_rec_000711.docling.json,data/docling_uncertain_no_vlm_2026-07-08/markdown/full_2026_07_06_rec_000711.md,data/docling_uncertain_no_vlm_2026-07-08/chunks/full_2026_07_06_rec_000711.jsonl,46,5,data/docling_uncertain_no_vlm_2026-07-08/figures/full_2026_07_06_rec_000711/figures_manifest.json,data/docling_uncertain_no_vlm_2026-07-08/manifests/docling_smoke_manifest.json,data/docling_uncertain_no_vlm_2026-07-08,1,
rec_000720,full_2026-07-06__rec_000720,A foundation language model to decipher diverse regulation of RNAs,10.1186/s13059-025-03752-x,none,generative_status_unclear,docling_ok,ok,pdf,data/full_text_downloads_2026-07-07/batch_000_049/full_2026-07-06__rec_000720__A_foundation_language_model_to_decipher_diverse_regulation_of_RNAs/full_text_01_openalex_pdf_url.pdf,data/docling_uncertain_no_vlm_2026-07-08/documents/full_2026_07_06_rec_000720.docling.json,data/docling_uncertain_no_vlm_2026-07-08/markdown/full_2026_07_06_rec_000720.md,data/docling_uncertain_no_vlm_2026-07-08/chunks/full_2026_07_06_rec_000720.jsonl,128,8,data/docling_uncertain_no_vlm_2026-07-08/figures/full_2026_07_06_rec_000720/figures_manifest.json,data/docling_uncertain_no_vlm_2026-07-08/manifests/docling_smoke_manifest.json,data/docling_uncertain_no_vlm_2026-07-08,1,
rec_000827,full_2026-07-06__rec_000827,Multimodal learning enables chat-based exploration of single-cell data,10.1038/s41587-025-02857-9,none,foundation_model_evidence_unclear,docling_ok,ok,pdf,data/full_text_downloads_2026-07-07/batch_000_049/full_2026-07-06__rec_000827__Multimodal_learning_enables_chat-based_exploration_of_single-cell_data/full_text_01_openalex_pdf_url.pdf,data/docling_uncertain_no_vlm_2026-07-08/documents/full_2026_07_06_rec_000827.docling.json,data/docling_uncertain_no_vlm_2026-07-08/markdown/full_2026_07_06_rec_000827.md,data/docling_uncertain_no_vlm_2026-07-08/chunks/full_2026_07_06_rec_000827.jsonl,173,23,data/docling_uncertain_no_vlm_2026-07-08/figures/full_2026_07_06_rec_000827/figures_manifest.json,data/docling_uncertain_no_vlm_2026-07-08/manifests/docling_smoke_manifest.json,data/docling_uncertain_no_vlm_2026-07-08,1,
rec_000882,full_2026-07-06__rec_000882,Transformer model generated bacteriophage genomes are compositionally distinct from natural sequences,10.1093/nargab/lqae129,none,foundation_model_evidence_unclear,docling_ok,ok,pdf,data/full_text_downloads_2026-07-07/batch_000_049/full_2026-07-06__rec_000882__Transformer_model_generated_bacteriophage_genomes_are_compositionally_/full_text_09_europepmc_Europe_PMC.pdf,data/docling_uncertain_no_vlm_2026-07-08/documents/full_2026_07_06_rec_000882.docling.json,data/docling_uncertain_no_vlm_2026-07-08/markdown/full_2026_07_06_rec_000882.md,data/docling_uncertain_no_vlm_2026-07-08/chunks/full_2026_07_06_rec_000882.jsonl,87,4,data/docling_uncertain_no_vlm_2026-07-08/figures/full_2026_07_06_rec_000882/figures_manifest.json,data/docling_uncertain_no_vlm_2026-07-08/manifests/docling_smoke_manifest.json,data/docling_uncertain_no_vlm_2026-07-08,1,
rec_000981,full_2026-07-06__rec_000981,DNA language models are powerful predictors of genome-wide variant effects,10.1073/pnas.2311219120,none,generative_status_unclear,docling_ok,ok,pdf,data/full_text_downloads_2026-07-07/batch_000_049/full_2026-07-06__rec_000981__DNA_language_models_are_powerful_predictors_of_genome-wide_variant_eff/full_text_10_europepmc_Europe_PMC.pdf,data/docling_uncertain_no_vlm_2026-07-08/documents/full_2026_07_06_rec_000981.docling.json,data/docling_uncertain_no_vlm_2026-07-08/markdown/full_2026_07_06_rec_000981.md,data/docling_uncertain_no_vlm_2026-07-08/chunks/full_2026_07_06_rec_000981.jsonl,63,10,data/docling_uncertain_no_vlm_2026-07-08/figures/full_2026_07_06_rec_000981/figures_manifest.json,data/docling_uncertain_no_vlm_2026-07-08/manifests/docling_smoke_manifest.json,data/docling_uncertain_no_vlm_2026-07-08,1,
rec_001187,full_2026-07-06__rec_001187,Precious3GPT: Multimodal Multi-Species Multi-Omics Multi-Tissue Transformer for Aging Research and Drug Discovery,10.1101/2024.07.25.605062,none,generative_status_unclear,docling_ok,ok,pdf,data/full_text_downloads_2026-07-07/openalex_content_pass_26/full_2026-07-06__rec_001187__Precious3GPT_Multimodal_Multi-Species_Multi-Omics_Multi-Tissue_Transfo/full_text_05_openalex_content_pdf.pdf,data/docling_uncertain_no_vlm_2026-07-08/documents/full_2026_07_06_rec_001187.docling.json,data/docling_uncertain_no_vlm_2026-07-08/markdown/full_2026_07_06_rec_001187.md,data/docling_uncertain_no_vlm_2026-07-08/chunks/full_2026_07_06_rec_001187.jsonl,128,13,data/docling_uncertain_no_vlm_2026-07-08/figures/full_2026_07_06_rec_001187/figures_manifest.json,data/docling_uncertain_no_vlm_2026-07-08/manifests/docling_smoke_manifest.json,data/docling_uncertain_no_vlm_2026-07-08,1,
rec_001200,full_2026-07-06__rec_001200,Systematic discovery of single-cell protein networks in cancer with Shusi,10.1101/2025.04.27.649905,none,foundation_model_evidence_unclear,docling_ok,ok,pdf,data/full_text_problem_retry_2026-07-08/biorxiv_chrome_download_fixed/rec_001200_2025.04.27.649905v1.full.pdf,data/docling_uncertain_biorxiv_chrome_no_vlm_2026-07-08/documents/rec_001200_2025_04_27_649905v1_full.docling.json,data/docling_uncertain_biorxiv_chrome_no_vlm_2026-07-08/markdown/rec_001200_2025_04_27_649905v1_full.md,data/docling_uncertain_biorxiv_chrome_no_vlm_2026-07-08/chunks/rec_001200_2025_04_27_649905v1_full.jsonl,121,6,data/docling_uncertain_biorxiv_chrome_no_vlm_2026-07-08/figures/rec_001200_2025_04_27_649905v1_full/figures_manifest.json,data/docling_uncertain_biorxiv_chrome_no_vlm_2026-07-08/manifests/docling_smoke_manifest.json,data/docling_uncertain_biorxiv_chrome_no_vlm_2026-07-08,2,
rec_001277,full_2026-07-06__rec_001277,WITHDRAWN: OKR-Cell: Open World Knowledge Aided Single-Cell Foundation Model with Robust Cross-Modal Cell-Language Pre-training,10.64898/2026.01.09.698573,none,mixed_signals,docling_ok,ok,pdf,data/full_text_downloads_2026-07-07/batch_050_099/full_2026-07-06__rec_001277__WITHDRAWN_OKR-Cell_Open_World_Knowledge_Aided_Single-Cell_Foundation_M/full_text_01_arxiv_pdf.pdf,data/docling_uncertain_no_vlm_2026-07-08/documents/full_2026_07_06_rec_001277.docling.json,data/docling_uncertain_no_vlm_2026-07-08/markdown/full_2026_07_06_rec_001277.md,data/docling_uncertain_no_vlm_2026-07-08/chunks/full_2026_07_06_rec_001277.jsonl,143,7,data/docling_uncertain_no_vlm_2026-07-08/figures/full_2026_07_06_rec_001277/figures_manifest.json,data/docling_uncertain_no_vlm_2026-07-08/manifests/docling_smoke_manifest.json,data/docling_uncertain_no_vlm_2026-07-08,1,
rec_001313,full_2026-07-06__rec_001313,PlantBiMoE: A Bidirectional Foundation Model with Sparsemoe for Plant Genomes,10.1109/BIBM66473.2025.11356776,none,generative_status_unclear,docling_ok,ok,pdf,data/full_text_downloads_2026-07-07/retry_batch_000_029/full_2026-07-06__rec_001313__PlantBiMoE_A_Bidirectional_Foundation_Model_with_Sparsemoe_for_Plant_G/full_text_04_openalex_title_pdf_url.pdf,data/docling_uncertain_no_vlm_2026-07-08/documents/full_2026_07_06_rec_001313.docling.json,data/docling_uncertain_no_vlm_2026-07-08/markdown/full_2026_07_06_rec_001313.md,data/docling_uncertain_no_vlm_2026-07-08/chunks/full_2026_07_06_rec_001313.jsonl,47,4,data/docling_uncertain_no_vlm_2026-07-08/figures/full_2026_07_06_rec_001313/figures_manifest.json,data/docling_uncertain_no_vlm_2026-07-08/manifests/docling_smoke_manifest.json,data/docling_uncertain_no_vlm_2026-07-08,1,
rec_001343,full_2026-07-06__rec_001343,A General Single-Cell Analysis Framework via Conditional Diffusion Generative Models,10.1101/2023.10.13.562243,none,mixed_signals,docling_ok,ok,pdf,data/full_text_downloads_2026-07-07/openalex_content_pass_26/full_2026-07-06__rec_001343__A_General_Single-Cell_Analysis_Framework_via_Conditional_Diffusion_Gen/full_text_05_openalex_content_pdf.pdf,data/docling_uncertain_no_vlm_2026-07-08/documents/full_2026_07_06_rec_001343.docling.json,data/docling_uncertain_no_vlm_2026-07-08/markdown/full_2026_07_06_rec_001343.md,data/docling_uncertain_no_vlm_2026-07-08/chunks/full_2026_07_06_rec_001343.jsonl,103,7,data/docling_uncertain_no_vlm_2026-07-08/figures/full_2026_07_06_rec_001343/figures_manifest.json,data/docling_uncertain_no_vlm_2026-07-08/manifests/docling_smoke_manifest.json,data/docling_uncertain_no_vlm_2026-07-08,1,
rec_001402,full_2026-07-06__rec_001402,Decoding the ERS-CAF immunoregulatory axis via multimodal AI and its pan-cancer prognostic and therapeutic predictive value.,10.1038/s41746-026-02388-w,none,text_component_unclear,docling_ok,ok,pdf,data/full_text_downloads_2026-07-07/batch_050_099/full_2026-07-06__rec_001402__Decoding_the_ERS-CAF_immunoregulatory_axis_via_multimodal_AI_and_its_p/full_text_01_openalex_pdf_url.pdf,data/docling_uncertain_no_vlm_2026-07-08/documents/full_2026_07_06_rec_001402.docling.json,data/docling_uncertain_no_vlm_2026-07-08/markdown/full_2026_07_06_rec_001402.md,data/docling_uncertain_no_vlm_2026-07-08/chunks/full_2026_07_06_rec_001402.jsonl,126,34,data/docling_uncertain_no_vlm_2026-07-08/figures/full_2026_07_06_rec_001402/figures_manifest.json,data/docling_uncertain_no_vlm_2026-07-08/manifests/docling_smoke_manifest.json,data/docling_uncertain_no_vlm_2026-07-08,1,
rec_001425,full_2026-07-06__rec_001425,Zygosity-Aware DNA Language Modeling Improves Ancestry and Gene Expression Prediction,10.1101/2025.11.19.689326,none,generative_status_unclear,docling_ok,ok,pdf,data/full_text_missing_uncertain_retry_2026-07-08/standard_retry/run__rec_001425__Zygosity-Aware_DNA_Language_Modeling_Improves_Ancestry_and_Gene_Expres/full_text_05_openalex_content_pdf.pdf,data/docling_uncertain_no_vlm_retry_2026-07-08/documents/run_rec_001425.docling.json,data/docling_uncertain_no_vlm_retry_2026-07-08/markdown/run_rec_001425.md,data/docling_uncertain_no_vlm_retry_2026-07-08/chunks/run_rec_001425.jsonl,60,8,data/docling_uncertain_no_vlm_retry_2026-07-08/figures/run_rec_001425/figures_manifest.json,data/docling_uncertain_no_vlm_retry_2026-07-08/manifests/docling_smoke_manifest.json,data/docling_uncertain_no_vlm_retry_2026-07-08,1,
rec_001609,full_2026-07-06__rec_001609,DNACSE: Enhancing Genomic LLMs with Contrastive Learning for DNA Barcode Identification †,10.1101/2025.10.27.684901,none,generative_status_unclear,docling_ok,ok,pdf,data/full_text_problem_retry_2026-07-08/biorxiv_chrome_download_fixed/rec_001609_2025.10.27.684901v1.full.pdf,data/docling_uncertain_biorxiv_chrome_no_vlm_2026-07-08/documents/rec_001609_2025_10_27_684901v1_full.docling.json,data/docling_uncertain_biorxiv_chrome_no_vlm_2026-07-08/markdown/rec_001609_2025_10_27_684901v1_full.md,data/docling_uncertain_biorxiv_chrome_no_vlm_2026-07-08/chunks/rec_001609_2025_10_27_684901v1_full.jsonl,125,10,data/docling_uncertain_biorxiv_chrome_no_vlm_2026-07-08/figures/rec_001609_2025_10_27_684901v1_full/figures_manifest.json,data/docling_uncertain_biorxiv_chrome_no_vlm_2026-07-08/manifests/docling_smoke_manifest.json,data/docling_uncertain_biorxiv_chrome_no_vlm_2026-07-08,2,
rec_001668,full_2026-07-06__rec_001668,Decoding Alzheimer's Disease One Cell Class at a Time.,10.1007/s10571-026-01685-y,none,paper_type_unclear,docling_ok,ok,pdf,data/full_text_downloads_2026-07-07/batch_050_099/full_2026-07-06__rec_001668__Decoding_Alzheimer_s_Disease_One_Cell_Class_at_a_Time./full_text_07_europepmc_Europe_PMC.pdf,data/docling_uncertain_no_vlm_2026-07-08/documents/full_2026_07_06_rec_001668.docling.json,data/docling_uncertain_no_vlm_2026-07-08/markdown/full_2026_07_06_rec_001668.md,data/docling_uncertain_no_vlm_2026-07-08/chunks/full_2026_07_06_rec_001668.jsonl,253,31,data/docling_uncertain_no_vlm_2026-07-08/figures/full_2026_07_06_rec_001668/figures_manifest.json,data/docling_uncertain_no_vlm_2026-07-08/manifests/docling_smoke_manifest.json,data/docling_uncertain_no_vlm_2026-07-08,1,
rec_001719,full_2026-07-06__rec_001719,scFormer: A Universal Representation Learning Approach for Single-Cell Data Using Transformers,10.1101/2022.11.20.517285,none,generative_status_unclear,docling_ok,ok,pdf,data/full_text_downloads_2026-07-07/openalex_content_pass_26/full_2026-07-06__rec_001719__scFormer_A_Universal_Representation_Learning_Approach_for_Single-Cell_/full_text_05_openalex_content_pdf.pdf,data/docling_uncertain_no_vlm_2026-07-08/documents/full_2026_07_06_rec_001719.docling.json,data/docling_uncertain_no_vlm_2026-07-08/markdown/full_2026_07_06_rec_001719.md,data/docling_uncertain_no_vlm_2026-07-08/chunks/full_2026_07_06_rec_001719.jsonl,80,3,data/docling_uncertain_no_vlm_2026-07-08/figures/full_2026_07_06_rec_001719/figures_manifest.json,data/docling_uncertain_no_vlm_2026-07-08/manifests/docling_smoke_manifest.json,data/docling_uncertain_no_vlm_2026-07-08,1,
rec_001774,full_2026-07-06__rec_001774,Mamba: Linear-Time Sequence Modeling with Selective State Spaces,,none,text_bio_bridge_unclear,docling_ok,ok,pdf,data/full_text_downloads_2026-07-07/retry_batch_030_059/full_2026-07-06__rec_001774__Mamba_Linear-Time_Sequence_Modeling_with_Selective_State_Spaces/full_text_01_openalex_title_pdf_url.pdf,data/docling_uncertain_no_vlm_2026-07-08/documents/full_2026_07_06_rec_001774.docling.json,data/docling_uncertain_no_vlm_2026-07-08/markdown/full_2026_07_06_rec_001774.md,data/docling_uncertain_no_vlm_2026-07-08/chunks/full_2026_07_06_rec_001774.jsonl,232,11,data/docling_uncertain_no_vlm_2026-07-08/figures/full_2026_07_06_rec_001774/figures_manifest.json,data/docling_uncertain_no_vlm_2026-07-08/manifests/docling_smoke_manifest.json,data/docling_uncertain_no_vlm_2026-07-08,1,
rec_001784,full_2026-07-06__rec_001784,Self-supervised learning on millions of pre-mRNA sequences improves sequence-based RNA splicing prediction,10.1101/2023.01.31.526427,none,generative_status_unclear,docling_ok,ok,pdf,data/full_text_missing_uncertain_retry_2026-07-08/standard_retry/run__rec_001784__Self-supervised_learning_on_millions_of_pre-mRNA_sequences_improves_se/full_text_05_openalex_content_pdf.pdf,data/docling_uncertain_no_vlm_retry_2026-07-08/documents/run_rec_001784.docling.json,data/docling_uncertain_no_vlm_retry_2026-07-08/markdown/run_rec_001784.md,data/docling_uncertain_no_vlm_retry_2026-07-08/chunks/run_rec_001784.jsonl,92,6,data/docling_uncertain_no_vlm_retry_2026-07-08/figures/run_rec_001784/figures_manifest.json,data/docling_uncertain_no_vlm_retry_2026-07-08/manifests/docling_smoke_manifest.json,data/docling_uncertain_no_vlm_retry_2026-07-08,1,
rec_001795,full_2026-07-06__rec_001795,The Language of Cancer: Decoding Cancer Signatures with Language Models and cfRNA Sequencing,10.1101/2024.06.29.601341,none,foundation_model_evidence_unclear,docling_ok,ok,pdf,data/full_text_downloads_2026-07-07/browser_manual_pass/full_2026-07-06__rec_001795__the_language_of_cancer_decoding_cancer_signatures_with_language_/full_text_browser_biorxiv_2024.06.29.601341v2.full.pdf,data/docling_uncertain_no_vlm_2026-07-08/documents/full_2026_07_06_rec_001795.docling.json,data/docling_uncertain_no_vlm_2026-07-08/markdown/full_2026_07_06_rec_001795.md,data/docling_uncertain_no_vlm_2026-07-08/chunks/full_2026_07_06_rec_001795.jsonl,92,38,data/docling_uncertain_no_vlm_2026-07-08/figures/full_2026_07_06_rec_001795/figures_manifest.json,data/docling_uncertain_no_vlm_2026-07-08/manifests/docling_smoke_manifest.json,data/docling_uncertain_no_vlm_2026-07-08,1,
rec_001830,full_2026-07-06__rec_001830,Rethinking Genomic Modeling Through Optical Character Recognition,,none,foundation_model_evidence_unclear,docling_ok,ok,pdf,data/full_text_downloads_2026-07-07/retry_batch_030_059/full_2026-07-06__rec_001830__Rethinking_Genomic_Modeling_Through_Optical_Character_Recognition/full_text_03_openalex_title_pdf_url.pdf,data/docling_uncertain_no_vlm_2026-07-08/documents/full_2026_07_06_rec_001830.docling.json,data/docling_uncertain_no_vlm_2026-07-08/markdown/full_2026_07_06_rec_001830.md,data/docling_uncertain_no_vlm_2026-07-08/chunks/full_2026_07_06_rec_001830.jsonl,295,17,data/docling_uncertain_no_vlm_2026-07-08/figures/full_2026_07_06_rec_001830/figures_manifest.json,data/docling_uncertain_no_vlm_2026-07-08/manifests/docling_smoke_manifest.json,data/docling_uncertain_no_vlm_2026-07-08,1,
rec_001833,full_2026-07-06__rec_001833,Generation of Multimodal Longitudinal Synthetic Data By Artificial Intelligence to Improve Personalized Medicine in Hematology,10.1182/blood-2024-209541,none,foundation_model_evidence_unclear,docling_ok,ok,pdf,data/full_text_downloads_2026-07-07/openalex_content_pass_26/full_2026-07-06__rec_001833__Generation_of_Multimodal_Longitudinal_Synthetic_Data_By_Artificial_Int/full_text_01_openalex_content_pdf.pdf,data/docling_uncertain_no_vlm_2026-07-08/documents/full_2026_07_06_rec_001833.docling.json,data/docling_uncertain_no_vlm_2026-07-08/markdown/full_2026_07_06_rec_001833.md,data/docling_uncertain_no_vlm_2026-07-08/chunks/full_2026_07_06_rec_001833.jsonl,20,3,data/docling_uncertain_no_vlm_2026-07-08/figures/full_2026_07_06_rec_001833/figures_manifest.json,data/docling_uncertain_no_vlm_2026-07-08/manifests/docling_smoke_manifest.json,data/docling_uncertain_no_vlm_2026-07-08,1,
rec_001858,full_2026-07-06__rec_001858,Central Dogma Transformer: Towards Mechanism-Oriented AI for Cellular Understanding,10.48550/arXiv.2601.01089,none,generative_status_unclear,docling_ok,ok,pdf,data/full_text_downloads_2026-07-07/batch_050_099/full_2026-07-06__rec_001858__Central_Dogma_Transformer_Towards_Mechanism-Oriented_AI_for_Cellular_U/full_text_01_arxiv_pdf.pdf,data/docling_uncertain_no_vlm_2026-07-08/documents/full_2026_07_06_rec_001858.docling.json,data/docling_uncertain_no_vlm_2026-07-08/markdown/full_2026_07_06_rec_001858.md,data/docling_uncertain_no_vlm_2026-07-08/chunks/full_2026_07_06_rec_001858.jsonl,150,7,data/docling_uncertain_no_vlm_2026-07-08/figures/full_2026_07_06_rec_001858/figures_manifest.json,data/docling_uncertain_no_vlm_2026-07-08/manifests/docling_smoke_manifest.json,data/docling_uncertain_no_vlm_2026-07-08,1,
rec_001881,full_2026-07-06__rec_001881,"End-to-end multitask learning, from protein language to protein features without alignments",10.1101/864405,none,generative_status_unclear,docling_ok,ok,pdf,data/full_text_downloads_2026-07-07/openalex_content_pass_26/full_2026-07-06__rec_001881__End-to-end_multitask_learning_from_protein_language_to_protein_feature/full_text_05_openalex_content_pdf.pdf,data/docling_uncertain_no_vlm_2026-07-08/documents/full_2026_07_06_rec_001881.docling.json,data/docling_uncertain_no_vlm_2026-07-08/markdown/full_2026_07_06_rec_001881.md,data/docling_uncertain_no_vlm_2026-07-08/chunks/full_2026_07_06_rec_001881.jsonl,63,2,data/docling_uncertain_no_vlm_2026-07-08/figures/full_2026_07_06_rec_001881/figures_manifest.json,data/docling_uncertain_no_vlm_2026-07-08/manifests/docling_smoke_manifest.json,data/docling_uncertain_no_vlm_2026-07-08,1,
rec_001897,full_2026-07-06__rec_001897,CodonMoE: DNA Language Models for mRNA Analyses,10.48550/arXiv.2508.04739,none,generative_status_unclear,docling_ok,ok,pdf,data/full_text_downloads_2026-07-07/batch_100_149/full_2026-07-06__rec_001897__CodonMoE_DNA_Language_Models_for_mRNA_Analyses/full_text_01_arxiv_pdf.pdf,data/docling_uncertain_no_vlm_2026-07-08/documents/full_2026_07_06_rec_001897.docling.json,data/docling_uncertain_no_vlm_2026-07-08/markdown/full_2026_07_06_rec_001897.md,data/docling_uncertain_no_vlm_2026-07-08/chunks/full_2026_07_06_rec_001897.jsonl,119,9,data/docling_uncertain_no_vlm_2026-07-08/figures/full_2026_07_06_rec_001897/figures_manifest.json,data/docling_uncertain_no_vlm_2026-07-08/manifests/docling_smoke_manifest.json,data/docling_uncertain_no_vlm_2026-07-08,1,
rec_001935,full_2026-07-06__rec_001935,dnaGrinder: a lightweight and high-capacity genomic foundation model,10.48550/arXiv.2409.15697,none,generative_status_unclear,docling_ok,ok,pdf,data/full_text_downloads_2026-07-07/batch_100_149/full_2026-07-06__rec_001935__dnaGrinder_a_lightweight_and_high-capacity_genomic_foundation_model/full_text_01_arxiv_pdf.pdf,data/docling_uncertain_no_vlm_2026-07-08/documents/full_2026_07_06_rec_001935.docling.json,data/docling_uncertain_no_vlm_2026-07-08/markdown/full_2026_07_06_rec_001935.md,data/docling_uncertain_no_vlm_2026-07-08/chunks/full_2026_07_06_rec_001935.jsonl,130,2,data/docling_uncertain_no_vlm_2026-07-08/figures/full_2026_07_06_rec_001935/figures_manifest.json,data/docling_uncertain_no_vlm_2026-07-08/manifests/docling_smoke_manifest.json,data/docling_uncertain_no_vlm_2026-07-08,1,
rec_001961,full_2026-07-06__rec_001961,LangCell: Language-Cell Pre-training for Cell Identity Understanding,10.48550/arXiv.2405.06708,none,generative_status_unclear,docling_ok,ok,pdf,data/full_text_downloads_2026-07-07/batch_100_149/full_2026-07-06__rec_001961__LangCell_Language-Cell_Pre-training_for_Cell_Identity_Understanding/full_text_01_arxiv_pdf.pdf,data/docling_uncertain_no_vlm_2026-07-08/documents/full_2026_07_06_rec_001961.docling.json,data/docling_uncertain_no_vlm_2026-07-08/markdown/full_2026_07_06_rec_001961.md,data/docling_uncertain_no_vlm_2026-07-08/chunks/full_2026_07_06_rec_001961.jsonl,174,16,data/docling_uncertain_no_vlm_2026-07-08/figures/full_2026_07_06_rec_001961/figures_manifest.json,data/docling_uncertain_no_vlm_2026-07-08/manifests/docling_smoke_manifest.json,data/docling_uncertain_no_vlm_2026-07-08,1,
rec_002073,full_2026-07-06__rec_002073,CellPLM: Pre-training of Cell Language Model Beyond Single Cells,10.1101/2023.10.03.560734,none,generative_status_unclear,docling_ok,ok,pdf,data/full_text_downloads_2026-07-07/openalex_content_pass_26/full_2026-07-06__rec_002073__CellPLM_Pre-training_of_Cell_Language_Model_Beyond_Single_Cells/full_text_05_openalex_content_pdf.pdf,data/docling_uncertain_no_vlm_2026-07-08/documents/full_2026_07_06_rec_002073.docling.json,data/docling_uncertain_no_vlm_2026-07-08/markdown/full_2026_07_06_rec_002073.md,data/docling_uncertain_no_vlm_2026-07-08/chunks/full_2026_07_06_rec_002073.jsonl,132,21,data/docling_uncertain_no_vlm_2026-07-08/figures/full_2026_07_06_rec_002073/figures_manifest.json,data/docling_uncertain_no_vlm_2026-07-08/manifests/docling_smoke_manifest.json,data/docling_uncertain_no_vlm_2026-07-08,1,
rec_002228,full_2026-07-06__rec_002228,Adding layers of information to scRNA-seq data using pre-trained language models,10.1101/2025.08.23.671699,none,generative_status_unclear,docling_ok,ok,pdf,data/full_text_problem_retry_2026-07-08/biorxiv_chrome_download_fixed/rec_002228_2025.08.23.671699v2.full.pdf,data/docling_uncertain_biorxiv_chrome_no_vlm_2026-07-08/documents/rec_002228_2025_08_23_671699v2_full.docling.json,data/docling_uncertain_biorxiv_chrome_no_vlm_2026-07-08/markdown/rec_002228_2025_08_23_671699v2_full.md,data/docling_uncertain_biorxiv_chrome_no_vlm_2026-07-08/chunks/rec_002228_2025_08_23_671699v2_full.jsonl,99,5,data/docling_uncertain_biorxiv_chrome_no_vlm_2026-07-08/figures/rec_002228_2025_08_23_671699v2_full/figures_manifest.json,data/docling_uncertain_biorxiv_chrome_no_vlm_2026-07-08/manifests/docling_smoke_manifest.json,data/docling_uncertain_biorxiv_chrome_no_vlm_2026-07-08,2,
rec_002243,full_2026-07-06__rec_002243,"Human Genome Book:Words,Sentences and Paragraphs",10.1101/2025.01.23.634629,none,generative_status_unclear,docling_ok,ok,pdf,data/full_text_downloads_2026-07-07/retry_batch_030_059/full_2026-07-06__rec_002243__Human_Genome_Book_Words_Sentences_and_Paragraphs/full_text_07_crossref_title_link.pdf,data/docling_uncertain_no_vlm_2026-07-08/documents/full_2026_07_06_rec_002243.docling.json,data/docling_uncertain_no_vlm_2026-07-08/markdown/full_2026_07_06_rec_002243.md,data/docling_uncertain_no_vlm_2026-07-08/chunks/full_2026_07_06_rec_002243.jsonl,56,5,data/docling_uncertain_no_vlm_2026-07-08/figures/full_2026_07_06_rec_002243/figures_manifest.json,data/docling_uncertain_no_vlm_2026-07-08/manifests/docling_smoke_manifest.json,data/docling_uncertain_no_vlm_2026-07-08,1,
rec_002248,full_2026-07-06__rec_002248,Leveraging large language models to predict antibiotic resistance in Mycobacterium tuberculosis,10.1093/bioinformatics/btaf232,none,generative_status_unclear,docling_ok,ok,pdf,data/full_text_downloads_2026-07-07/batch_100_149/full_2026-07-06__rec_002248__Leveraging_large_language_models_to_predict_antibiotic_resistance_in_M/full_text_09_europepmc_Europe_PMC.pdf,data/docling_uncertain_no_vlm_2026-07-08/documents/full_2026_07_06_rec_002248.docling.json,data/docling_uncertain_no_vlm_2026-07-08/markdown/full_2026_07_06_rec_002248.md,data/docling_uncertain_no_vlm_2026-07-08/chunks/full_2026_07_06_rec_002248.jsonl,75,4,data/docling_uncertain_no_vlm_2026-07-08/figures/full_2026_07_06_rec_002248/figures_manifest.json,data/docling_uncertain_no_vlm_2026-07-08/manifests/docling_smoke_manifest.json,data/docling_uncertain_no_vlm_2026-07-08,1,
rec_002254,full_2026-07-06__rec_002254,Ctrl-DNA: Controllable Cell-Type-Specific Regulatory DNA Design via Constrained RL,10.48550/arXiv.2505.20578,none,foundation_model_evidence_unclear,docling_ok,ok,pdf,data/full_text_downloads_2026-07-07/batch_100_149/full_2026-07-06__rec_002254__Ctrl-DNA_Controllable_Cell-Type-Specific_Regulatory_DNA_Design_via_Con/full_text_01_arxiv_pdf.pdf,data/docling_uncertain_no_vlm_2026-07-08/documents/full_2026_07_06_rec_002254.docling.json,data/docling_uncertain_no_vlm_2026-07-08/markdown/full_2026_07_06_rec_002254.md,data/docling_uncertain_no_vlm_2026-07-08/chunks/full_2026_07_06_rec_002254.jsonl,112,4,data/docling_uncertain_no_vlm_2026-07-08/figures/full_2026_07_06_rec_002254/figures_manifest.json,data/docling_uncertain_no_vlm_2026-07-08/manifests/docling_smoke_manifest.json,data/docling_uncertain_no_vlm_2026-07-08,1,
rec_002287,full_2026-07-06__rec_002287,Open World Knowledge Aided Single-Cell Foundation Model with Robust Cross-Modal Cell-Language Pre-training,,none,generative_status_unclear,docling_ok,ok,pdf,data/full_text_downloads_2026-07-07/retry2_batch_025_049/full_2026-07-06__rec_002287__Open_World_Knowledge_Aided_Single-Cell_Foundation_Model_with_Robust_Cr/full_text_02_semantic_scholar_title_arxiv_p.pdf,data/docling_uncertain_no_vlm_2026-07-08/documents/full_2026_07_06_rec_002287.docling.json,data/docling_uncertain_no_vlm_2026-07-08/markdown/full_2026_07_06_rec_002287.md,data/docling_uncertain_no_vlm_2026-07-08/chunks/full_2026_07_06_rec_002287.jsonl,143,7,data/docling_uncertain_no_vlm_2026-07-08/figures/full_2026_07_06_rec_002287/figures_manifest.json,data/docling_uncertain_no_vlm_2026-07-08/manifests/docling_smoke_manifest.json,data/docling_uncertain_no_vlm_2026-07-08,1,
rec_002329,full_2026-07-06__rec_002329,Biologically-Informed Hybrid Membership Inference Attacks on Generative Genomic Models,10.48550/arXiv.2511.07503,none,foundation_model_evidence_unclear,docling_ok,ok,pdf,data/full_text_downloads_2026-07-07/batch_100_149/full_2026-07-06__rec_002329__Biologically-Informed_Hybrid_Membership_Inference_Attacks_on_Generativ/full_text_01_arxiv_pdf.pdf,data/docling_uncertain_no_vlm_2026-07-08/documents/full_2026_07_06_rec_002329.docling.json,data/docling_uncertain_no_vlm_2026-07-08/markdown/full_2026_07_06_rec_002329.md,data/docling_uncertain_no_vlm_2026-07-08/chunks/full_2026_07_06_rec_002329.jsonl,51,6,data/docling_uncertain_no_vlm_2026-07-08/figures/full_2026_07_06_rec_002329/figures_manifest.json,data/docling_uncertain_no_vlm_2026-07-08/manifests/docling_smoke_manifest.json,data/docling_uncertain_no_vlm_2026-07-08,1,
rec_002405,full_2026-07-06__rec_002405,Coalescence and Translation,10.1101/2025.06.24.661337,none,foundation_model_evidence_unclear,docling_ok,ok,pdf,data/full_text_downloads_2026-07-07/retry_batch_030_059/full_2026-07-06__rec_002405__Coalescence_and_Translation/full_text_17_europepmc_title_Europe_PMC.pdf,data/docling_uncertain_no_vlm_2026-07-08/documents/full_2026_07_06_rec_002405.docling.json,data/docling_uncertain_no_vlm_2026-07-08/markdown/full_2026_07_06_rec_002405.md,data/docling_uncertain_no_vlm_2026-07-08/chunks/full_2026_07_06_rec_002405.jsonl,98,12,data/docling_uncertain_no_vlm_2026-07-08/figures/full_2026_07_06_rec_002405/figures_manifest.json,data/docling_uncertain_no_vlm_2026-07-08/manifests/docling_smoke_manifest.json,data/docling_uncertain_no_vlm_2026-07-08,1,
rec_002409,full_2026-07-06__rec_002409,Generative AI Models for the Protein Scaffold Filling Problem,10.1089/cmb.2024.0510,none,foundation_model_evidence_unclear,unavailable_gated,,,,,,,,,,,,0,Publisher full text is gated/blocked; Chrome retry returned 403 / Just a moment via SAGE redirect.
rec_002550,full_2026-07-06__rec_002550,Deciphering single-cell epigenomic language with a foundation model,10.1038/s41592-025-02851-8,none,foundation_model_evidence_unclear,docling_ok,ok,html,data/full_text_missing_uncertain_retry_2026-07-08/standard_retry/run__rec_002550__Deciphering_single-cell_epigenomic_language_with_a_foundation_model/full_text_01_openalex_landing_page_url.html,data/docling_uncertain_html_no_vlm_2026-07-08/documents/html_rec_002550.docling.json,data/docling_uncertain_html_no_vlm_2026-07-08/markdown/html_rec_002550.md,data/docling_uncertain_html_no_vlm_2026-07-08/chunks/html_rec_002550.jsonl,36,,,data/docling_uncertain_html_no_vlm_2026-07-08/manifests/docling_html_manifest.json,data/docling_uncertain_html_no_vlm_2026-07-08,1,
rec_002555,full_2026-07-06__rec_002555,Let the data speak - single-cell analysis with CellWhisperer.,10.1038/s41576-025-00927-x,none,paper_type_unclear,docling_ok,ok,html,data/full_text_missing_uncertain_retry_2026-07-08/standard_retry/run__rec_002555__Let_the_data_speak_-_single-cell_analysis_with_CellWhisperer./full_text_01_openalex_landing_page_url.html,data/docling_uncertain_html_no_vlm_2026-07-08/documents/html_rec_002555.docling.json,data/docling_uncertain_html_no_vlm_2026-07-08/markdown/html_rec_002555.md,data/docling_uncertain_html_no_vlm_2026-07-08/chunks/html_rec_002555.jsonl,34,,,data/docling_uncertain_html_no_vlm_2026-07-08/manifests/docling_html_manifest.json,data/docling_uncertain_html_no_vlm_2026-07-08,1,
rec_002704,full_2026-07-06__rec_002704,ImmunoMatch learns and predicts cognate pairing of heavy and light immunoglobulin chains,10.1101/2025.02.11.637677,none,generative_status_unclear,docling_ok,ok,pdf,data/full_text_downloads_2026-07-07/retry_batch_060_089/full_2026-07-06__rec_002704__ImmunoMatch_learns_and_predicts_cognate_pairing_of_heavy_and_light_imm/full_text_09_openalex_title_pdf_url.pdf,data/docling_uncertain_no_vlm_2026-07-08/documents/full_2026_07_06_rec_002704.docling.json,data/docling_uncertain_no_vlm_2026-07-08/markdown/full_2026_07_06_rec_002704.md,data/docling_uncertain_no_vlm_2026-07-08/chunks/full_2026_07_06_rec_002704.jsonl,127,13,data/docling_uncertain_no_vlm_2026-07-08/figures/full_2026_07_06_rec_002704/figures_manifest.json,data/docling_uncertain_no_vlm_2026-07-08/manifests/docling_smoke_manifest.json,data/docling_uncertain_no_vlm_2026-07-08,1,
rec_002990,full_2026-07-06__rec_002990,Enhancing recognition and interpretation of functional phenotypic sequences through fine-tuning pre-trained genomic models,10.1186/s12967-024-05567-z,none,generative_status_unclear,docling_ok,ok,pdf,data/full_text_downloads_2026-07-07/batch_100_149/full_2026-07-06__rec_002990__Enhancing_recognition_and_interpretation_of_functional_phenotypic_sequ/full_text_01_openalex_pdf_url.pdf,data/docling_uncertain_no_vlm_2026-07-08/documents/full_2026_07_06_rec_002990.docling.json,data/docling_uncertain_no_vlm_2026-07-08/markdown/full_2026_07_06_rec_002990.md,data/docling_uncertain_no_vlm_2026-07-08/chunks/full_2026_07_06_rec_002990.jsonl,157,11,data/docling_uncertain_no_vlm_2026-07-08/figures/full_2026_07_06_rec_002990/figures_manifest.json,data/docling_uncertain_no_vlm_2026-07-08/manifests/docling_smoke_manifest.json,data/docling_uncertain_no_vlm_2026-07-08,1,
rec_003072,full_2026-07-06__rec_003072,Pre-training of single-cell language models through genetic pathway learning,,none,generative_status_unclear,docling_ok,ok,pdf,data/full_text_downloads_2026-07-07/batch_100_149/full_2026-07-06__rec_003072__Pre-training_of_single-cell_language_models_through_genetic_pathway_le/full_text_user_manual_openreview_SSpDWhOfUM.pdf,data/docling_uncertain_no_vlm_2026-07-08/documents/full_2026_07_06_rec_003072.docling.json,data/docling_uncertain_no_vlm_2026-07-08/markdown/full_2026_07_06_rec_003072.md,data/docling_uncertain_no_vlm_2026-07-08/chunks/full_2026_07_06_rec_003072.jsonl,67,4,data/docling_uncertain_no_vlm_2026-07-08/figures/full_2026_07_06_rec_003072/figures_manifest.json,data/docling_uncertain_no_vlm_2026-07-08/manifests/docling_smoke_manifest.json,data/docling_uncertain_no_vlm_2026-07-08,1,
rec_003090,full_2026-07-06__rec_003090,OKR-Cell: Open World Knowledge Aided Single-Cell Foundation Model with Robust Cross-Modal Cell-Language Pre-training,,none,mixed_signals,docling_ok,ok,pdf,data/full_text_downloads_2026-07-07/batch_150_199/full_2026-07-06__rec_003090__OKR-Cell_Open_World_Knowledge_Aided_Single-Cell_Foundation_Model_with_/full_text_01_arxiv_pdf.pdf,data/docling_uncertain_no_vlm_2026-07-08/documents/full_2026_07_06_rec_003090.docling.json,data/docling_uncertain_no_vlm_2026-07-08/markdown/full_2026_07_06_rec_003090.md,data/docling_uncertain_no_vlm_2026-07-08/chunks/full_2026_07_06_rec_003090.jsonl,143,7,data/docling_uncertain_no_vlm_2026-07-08/figures/full_2026_07_06_rec_003090/figures_manifest.json,data/docling_uncertain_no_vlm_2026-07-08/manifests/docling_smoke_manifest.json,data/docling_uncertain_no_vlm_2026-07-08,1,
rec_003091,full_2026-07-06__rec_003091,Tabula: A Tabular Self-Supervised Foundation Model for Single-Cell Transcriptomics,,none,generative_status_unclear,docling_ok,ok,pdf,data/full_text_problem_retry_2026-07-08/web_found_pdfs/rec_003091/rec_003091_web_found.pdf,data/docling_uncertain_problem_retry_no_vlm_2026-07-08/documents/rec_003091_web_found.docling.json,data/docling_uncertain_problem_retry_no_vlm_2026-07-08/markdown/rec_003091_web_found.md,data/docling_uncertain_problem_retry_no_vlm_2026-07-08/chunks/rec_003091_web_found.jsonl,92,6,data/docling_uncertain_problem_retry_no_vlm_2026-07-08/figures/rec_003091_web_found/figures_manifest.json,data/docling_uncertain_problem_retry_no_vlm_2026-07-08/manifests/docling_smoke_manifest.json,data/docling_uncertain_problem_retry_no_vlm_2026-07-08,1,
rec_003095,full_2026-07-06__rec_003095,Cell ontology guided transcriptome foundation model,,none,text_component_unclear,docling_ok,ok,pdf,data/full_text_downloads_2026-07-07/retry_batch_060_089/full_2026-07-06__rec_003095__Cell_ontology_guided_transcriptome_foundation_model/full_text_01_openalex_title_pdf_url.pdf,data/docling_uncertain_no_vlm_2026-07-08/documents/full_2026_07_06_rec_003095.docling.json,data/docling_uncertain_no_vlm_2026-07-08/markdown/full_2026_07_06_rec_003095.md,data/docling_uncertain_no_vlm_2026-07-08/chunks/full_2026_07_06_rec_003095.jsonl,334,11,data/docling_uncertain_no_vlm_2026-07-08/figures/full_2026_07_06_rec_003095/figures_manifest.json,data/docling_uncertain_no_vlm_2026-07-08/manifests/docling_smoke_manifest.json,data/docling_uncertain_no_vlm_2026-07-08,1,
rec_003097,full_2026-07-06__rec_003097,Transcriptomic Neural Networks Architecture and Applications to Functional and Aging Research,,none,paper_type_unclear,docling_ok,ok,pdf,data/full_text_problem_retry_2026-07-08/manual_downloads/rec_003097_pinaroli_transcriptomic_neural_networks.pdf,data/docling_uncertain_manual_downloads3_no_vlm_2026-07-09/documents/rec_003097_pinaroli_transcriptomic_neural_networks.docling.json,data/docling_uncertain_manual_downloads3_no_vlm_2026-07-09/markdown/rec_003097_pinaroli_transcriptomic_neural_networks.md,data/docling_uncertain_manual_downloads3_no_vlm_2026-07-09/chunks/rec_003097_pinaroli_transcriptomic_neural_networks.jsonl,189,14,data/docling_uncertain_manual_downloads3_no_vlm_2026-07-09/figures/rec_003097_pinaroli_transcriptomic_neural_networks/figures_manifest.json,data/docling_uncertain_manual_downloads3_no_vlm_2026-07-09/manifests/docling_smoke_manifest.json,data/docling_uncertain_manual_downloads3_no_vlm_2026-07-09,1,
rec_003113,full_2026-07-06__rec_003113,scELMo: Embeddings from Language Models,,none,generative_status_unclear,docling_ok,ok,pdf,data/full_text_downloads_2026-07-07/retry_batch_060_089/full_2026-07-06__rec_003113__scELMo_Embeddings_from_Language_Models/full_text_03_landing_pdf_link.pdf,data/docling_uncertain_no_vlm_2026-07-08/documents/full_2026_07_06_rec_003113.docling.json,data/docling_uncertain_no_vlm_2026-07-08/markdown/full_2026_07_06_rec_003113.md,data/docling_uncertain_no_vlm_2026-07-08/chunks/full_2026_07_06_rec_003113.jsonl,29,12,data/docling_uncertain_no_vlm_2026-07-08/figures/full_2026_07_06_rec_003113/figures_manifest.json,data/docling_uncertain_no_vlm_2026-07-08/manifests/docling_smoke_manifest.json,data/docling_uncertain_no_vlm_2026-07-08,1,
rec_003118,full_2026-07-06__rec_003118,ZerOmics: Toward General Models for Single-Cell Analysis with Instruction Tuning,,none,generative_status_unclear,docling_ok,ok,pdf,data/full_text_downloads_2026-07-07/batch_150_199/full_2026-07-06__rec_003118__ZerOmics_Toward_General_Models_for_Single-Cell_Analysis_with_Instructi/full_text_user_manual_zeromics.pdf,data/docling_uncertain_no_vlm_2026-07-08/documents/full_2026_07_06_rec_003118.docling.json,data/docling_uncertain_no_vlm_2026-07-08/markdown/full_2026_07_06_rec_003118.md,data/docling_uncertain_no_vlm_2026-07-08/chunks/full_2026_07_06_rec_003118.jsonl,127,4,data/docling_uncertain_no_vlm_2026-07-08/figures/full_2026_07_06_rec_003118/figures_manifest.json,data/docling_uncertain_no_vlm_2026-07-08/manifests/docling_smoke_manifest.json,data/docling_uncertain_no_vlm_2026-07-08,1,
rec_003129,full_2026-07-06__rec_003129,BioArc: Discovering Optimal Neural Architectures for Biological Foundation Models,,none,text_bio_bridge_unclear,docling_ok,ok,pdf,data/full_text_downloads_2026-07-07/retry2_batch_025_049/full_2026-07-06__rec_003129__BioArc_Discovering_Optimal_Neural_Architectures_for_Biological_Foundat/full_text_02_semantic_scholar_title_arxiv_p.pdf,data/docling_uncertain_no_vlm_2026-07-08/documents/full_2026_07_06_rec_003129.docling.json,data/docling_uncertain_no_vlm_2026-07-08/markdown/full_2026_07_06_rec_003129.md,data/docling_uncertain_no_vlm_2026-07-08/chunks/full_2026_07_06_rec_003129.jsonl,204,15,data/docling_uncertain_no_vlm_2026-07-08/figures/full_2026_07_06_rec_003129/figures_manifest.json,data/docling_uncertain_no_vlm_2026-07-08/manifests/docling_smoke_manifest.json,data/docling_uncertain_no_vlm_2026-07-08,1,
rec_003141,full_2026-07-06__rec_003141,Bidirectional mamba for single-cell data: Efficient context learning with biological fidelity,,none,mixed_signals,docling_ok,ok,pdf,data/full_text_downloads_2026-07-07/batch_150_199/full_2026-07-06__rec_003141__Bidirectional_mamba_for_single-cell_data_Efficient_context_learning_wi/full_text_user_manual_bidirectional_mamba_single_cell.pdf,data/docling_uncertain_no_vlm_2026-07-08/documents/full_2026_07_06_rec_003141.docling.json,data/docling_uncertain_no_vlm_2026-07-08/markdown/full_2026_07_06_rec_003141.md,data/docling_uncertain_no_vlm_2026-07-08/chunks/full_2026_07_06_rec_003141.jsonl,114,12,data/docling_uncertain_no_vlm_2026-07-08/figures/full_2026_07_06_rec_003141/figures_manifest.json,data/docling_uncertain_no_vlm_2026-07-08/manifests/docling_smoke_manifest.json,data/docling_uncertain_no_vlm_2026-07-08,1,
rec_003156,full_2026-07-06__rec_003156,Generative pretraining from large-scale transcriptomes for single-cell deciphering,,none,mixed_signals,docling_ok,ok,pdf,data/full_text_downloads_2026-07-07/retry_batch_060_089/full_2026-07-06__rec_003156__Generative_pretraining_from_large-scale_transcriptomes_for_single-cell/full_text_08_europepmc_title_Europe_PMC.pdf,data/docling_uncertain_no_vlm_2026-07-08/documents/full_2026_07_06_rec_003156.docling.json,data/docling_uncertain_no_vlm_2026-07-08/markdown/full_2026_07_06_rec_003156.md,data/docling_uncertain_no_vlm_2026-07-08/chunks/full_2026_07_06_rec_003156.jsonl,106,48,data/docling_uncertain_no_vlm_2026-07-08/figures/full_2026_07_06_rec_003156/figures_manifest.json,data/docling_uncertain_no_vlm_2026-07-08/manifests/docling_smoke_manifest.json,data/docling_uncertain_no_vlm_2026-07-08,1,
rec_003185,full_2026-07-06__rec_003185,Enhancing generative perturbation models with llm-informed gene embeddings,,none,foundation_model_evidence_unclear,docling_ok,ok,pdf,data/full_text_problem_retry_2026-07-08/manual_downloads/rec_003185_enhancing_generative_perturbation_models_with_llm_informed_gene_embeddings.pdf,data/docling_uncertain_manual_downloads_no_vlm_2026-07-08/documents/rec_003185_enhancing_generative_perturbation_models_with_llm_informed_gene_embed.docling.json,data/docling_uncertain_manual_downloads_no_vlm_2026-07-08/markdown/rec_003185_enhancing_generative_perturbation_models_with_llm_informed_gene_embed.md,data/docling_uncertain_manual_downloads_no_vlm_2026-07-08/chunks/rec_003185_enhancing_generative_perturbation_models_with_llm_informed_gene_embed.jsonl,47,4,data/docling_uncertain_manual_downloads_no_vlm_2026-07-08/figures/rec_003185_enhancing_generative_perturbation_models_with_llm_informed_gene_embed/figures_manifest.json,data/docling_uncertain_manual_downloads_no_vlm_2026-07-08/manifests/docling_smoke_manifest.json,data/docling_uncertain_manual_downloads_no_vlm_2026-07-08,1,
rec_003191,full_2026-07-06__rec_003191,Engineering Cells Using Artificial Intelligence,,none,paper_type_unclear,docling_ok,ok,pdf,data/full_text_downloads_2026-07-07/retry_batch_060_089/full_2026-07-06__rec_003191__Engineering_Cells_Using_Artificial_Intelligence/full_text_01_doi_landing_pdf.pdf,data/docling_uncertain_no_vlm_2026-07-08/documents/full_2026_07_06_rec_003191.docling.json,data/docling_uncertain_no_vlm_2026-07-08/markdown/full_2026_07_06_rec_003191.md,data/docling_uncertain_no_vlm_2026-07-08/chunks/full_2026_07_06_rec_003191.jsonl,33,13,data/docling_uncertain_no_vlm_2026-07-08/figures/full_2026_07_06_rec_003191/figures_manifest.json,data/docling_uncertain_no_vlm_2026-07-08/manifests/docling_smoke_manifest.json,data/docling_uncertain_no_vlm_2026-07-08,1,
rec_003208,full_2026-07-06__rec_003208,Multi-Scale AI-Assisted Gene Expression Decoding,,none,paper_type_unclear,docling_ok,ok,pdf,data/full_text_problem_retry_2026-07-08/manual_downloads/rec_003208_multi_scale_ai_assisted_gene_expression_decoding.pdf,data/docling_uncertain_manual_downloads_no_vlm_2026-07-08/documents/rec_003208_multi_scale_ai_assisted_gene_expression_decoding.docling.json,data/docling_uncertain_manual_downloads_no_vlm_2026-07-08/markdown/rec_003208_multi_scale_ai_assisted_gene_expression_decoding.md,data/docling_uncertain_manual_downloads_no_vlm_2026-07-08/chunks/rec_003208_multi_scale_ai_assisted_gene_expression_decoding.jsonl,41,0,data/docling_uncertain_manual_downloads_no_vlm_2026-07-08/figures/rec_003208_multi_scale_ai_assisted_gene_expression_decoding/figures_manifest.json,data/docling_uncertain_manual_downloads_no_vlm_2026-07-08/manifests/docling_smoke_manifest.json,data/docling_uncertain_manual_downloads_no_vlm_2026-07-08,1,
rec_003217,full_2026-07-06__rec_003217,Biomedical data and AI,,none,text_component_unclear,docling_ok,ok,html,data/full_text_missing_uncertain_retry_2026-07-08/standard_retry/run__rec_003217__Biomedical_data_and_AI/full_text_01_crossref_title_link.html,data/docling_uncertain_html_no_vlm_2026-07-08/documents/html_rec_003217.docling.json,data/docling_uncertain_html_no_vlm_2026-07-08/markdown/html_rec_003217.md,data/docling_uncertain_html_no_vlm_2026-07-08/chunks/html_rec_003217.jsonl,70,,,data/docling_uncertain_html_no_vlm_2026-07-08/manifests/docling_html_manifest.json,data/docling_uncertain_html_no_vlm_2026-07-08,1,
rec_003220,full_2026-07-06__rec_003220,Foundation model for comprehensive transcriptional regulation analysis,,none,generative_status_unclear,docling_ok,ok,pdf,data/full_text_downloads_2026-07-07/retry_batch_090_119/full_2026-07-06__rec_003220__Foundation_model_for_comprehensive_transcriptional_regulation_analysis/full_text_11_europepmc_title_Europe_PMC.pdf,data/docling_uncertain_no_vlm_2026-07-08/documents/full_2026_07_06_rec_003220.docling.json,data/docling_uncertain_no_vlm_2026-07-08/markdown/full_2026_07_06_rec_003220.md,data/docling_uncertain_no_vlm_2026-07-08/chunks/full_2026_07_06_rec_003220.jsonl,25,4,data/docling_uncertain_no_vlm_2026-07-08/figures/full_2026_07_06_rec_003220/figures_manifest.json,data/docling_uncertain_no_vlm_2026-07-08/manifests/docling_smoke_manifest.json,data/docling_uncertain_no_vlm_2026-07-08,1,
rec_003227,full_2026-07-06__rec_003227,CELLama: cell embedding leveraging language model abilities for analyzing cell types and spatial relationship in tumor,,none,mixed_signals,docling_ok,ok,pdf,data/full_text_problem_retry_2026-07-08/chrome_download_remaining/rec_003227_biorxiv_2024.05.08.593094v1.full.pdf,data/docling_uncertain_chrome_remaining_no_vlm_2026-07-08/documents/rec_003227_biorxiv_2024_05_08_593094v1_full.docling.json,data/docling_uncertain_chrome_remaining_no_vlm_2026-07-08/markdown/rec_003227_biorxiv_2024_05_08_593094v1_full.md,data/docling_uncertain_chrome_remaining_no_vlm_2026-07-08/chunks/rec_003227_biorxiv_2024_05_08_593094v1_full.jsonl,64,6,data/docling_uncertain_chrome_remaining_no_vlm_2026-07-08/figures/rec_003227_biorxiv_2024_05_08_593094v1_full/figures_manifest.json,data/docling_uncertain_chrome_remaining_no_vlm_2026-07-08/manifests/docling_smoke_manifest.json,data/docling_uncertain_chrome_remaining_no_vlm_2026-07-08,1,
rec_003249,full_2026-07-06__rec_003249,Machine learning approaches enable the discovery of therapeutics across domains,,none,mixed_signals,docling_ok,ok,pdf,data/full_text_downloads_2026-07-07/retry_batch_090_119/full_2026-07-06__rec_003249__Machine_learning_approaches_enable_the_discovery_of_therapeutics_acros/full_text_09_europepmc_title_Europe_PMC.pdf,data/docling_uncertain_no_vlm_2026-07-08/documents/full_2026_07_06_rec_003249.docling.json,data/docling_uncertain_no_vlm_2026-07-08/markdown/full_2026_07_06_rec_003249.md,data/docling_uncertain_no_vlm_2026-07-08/chunks/full_2026_07_06_rec_003249.jsonl,92,5,data/docling_uncertain_no_vlm_2026-07-08/figures/full_2026_07_06_rec_003249/figures_manifest.json,data/docling_uncertain_no_vlm_2026-07-08/manifests/docling_smoke_manifest.json,data/docling_uncertain_no_vlm_2026-07-08,1,
rec_003258,full_2026-07-06__rec_003258,Foundation model for biomedical graphs: Integrating knowledge graphs and protein structures to large language models,,none,paper_type_unclear,docling_ok,ok,pdf,data/full_text_problem_retry_2026-07-08/web_found_pdfs/rec_003258/rec_003258_acl.pdf,data/docling_uncertain_problem_retry_no_vlm_2026-07-08/documents/rec_003258_acl.docling.json,data/docling_uncertain_problem_retry_no_vlm_2026-07-08/markdown/rec_003258_acl.md,data/docling_uncertain_problem_retry_no_vlm_2026-07-08/chunks/rec_003258_acl.jsonl,62,2,data/docling_uncertain_problem_retry_no_vlm_2026-07-08/figures/rec_003258_acl/figures_manifest.json,data/docling_uncertain_problem_retry_no_vlm_2026-07-08/manifests/docling_smoke_manifest.json,data/docling_uncertain_problem_retry_no_vlm_2026-07-08,1,
rec_003259,full_2026-07-06__rec_003259,Large language models for biological sequence analysis in infectious disease research,,none,paper_type_unclear,docling_ok,ok,pdf,data/full_text_downloads_2026-07-07/retry_batch_090_119/full_2026-07-06__rec_003259__Large_language_models_for_biological_sequence_analysis_in_infectious_d/full_text_10_europepmc_title_Europe_PMC.pdf,data/docling_uncertain_no_vlm_2026-07-08/documents/full_2026_07_06_rec_003259.docling.json,data/docling_uncertain_no_vlm_2026-07-08/markdown/full_2026_07_06_rec_003259.md,data/docling_uncertain_no_vlm_2026-07-08/chunks/full_2026_07_06_rec_003259.jsonl,111,5,data/docling_uncertain_no_vlm_2026-07-08/figures/full_2026_07_06_rec_003259/figures_manifest.json,data/docling_uncertain_no_vlm_2026-07-08/manifests/docling_smoke_manifest.json,data/docling_uncertain_no_vlm_2026-07-08,1,
rec_003265,full_2026-07-06__rec_003265,Ai for biomedicine in the era of large language models,,none,mixed_signals,docling_ok,ok,pdf,data/full_text_downloads_2026-07-07/retry_batch_090_119/full_2026-07-06__rec_003265__Ai_for_biomedicine_in_the_era_of_large_language_models/full_text_01_openalex_title_pdf_url.pdf,data/docling_uncertain_no_vlm_2026-07-08/documents/full_2026_07_06_rec_003265.docling.json,data/docling_uncertain_no_vlm_2026-07-08/markdown/full_2026_07_06_rec_003265.md,data/docling_uncertain_no_vlm_2026-07-08/chunks/full_2026_07_06_rec_003265.jsonl,98,3,data/docling_uncertain_no_vlm_2026-07-08/figures/full_2026_07_06_rec_003265/figures_manifest.json,data/docling_uncertain_no_vlm_2026-07-08/manifests/docling_smoke_manifest.json,data/docling_uncertain_no_vlm_2026-07-08,1,
rec_003272,full_2026-07-06__rec_003272,Foundations for Genome-Scale Artificial Intelligence,,none,paper_type_unclear,docling_ok,ok,pdf,data/full_text_downloads_2026-07-07/retry_batch_090_119/full_2026-07-06__rec_003272__Foundations_for_Genome-Scale_Artificial_Intelligence/full_text_06_landing_pdf_link.pdf,data/docling_uncertain_no_vlm_2026-07-08/documents/full_2026_07_06_rec_003272.docling.json,data/docling_uncertain_no_vlm_2026-07-08/markdown/full_2026_07_06_rec_003272.md,data/docling_uncertain_no_vlm_2026-07-08/chunks/full_2026_07_06_rec_003272.jsonl,72,0,data/docling_uncertain_no_vlm_2026-07-08/figures/full_2026_07_06_rec_003272/figures_manifest.json,data/docling_uncertain_no_vlm_2026-07-08/manifests/docling_smoke_manifest.json,data/docling_uncertain_no_vlm_2026-07-08,1,
rec_003315,full_2026-07-06__rec_003315,Aligning foundation models on encoded synthetic omic data for patient stratification,,none,mixed_signals,docling_ok,ok,pdf,data/full_text_problem_retry_2026-07-08/manual_downloads/rec_003315_aligning_foundation_models_on_encoded_synthetic_omic_data.pdf,data/docling_uncertain_manual_downloads2_no_vlm_2026-07-08/documents/rec_003315_aligning_foundation_models_on_encoded_synthetic_omic_data.docling.json,data/docling_uncertain_manual_downloads2_no_vlm_2026-07-08/markdown/rec_003315_aligning_foundation_models_on_encoded_synthetic_omic_data.md,data/docling_uncertain_manual_downloads2_no_vlm_2026-07-08/chunks/rec_003315_aligning_foundation_models_on_encoded_synthetic_omic_data.jsonl,40,2,data/docling_uncertain_manual_downloads2_no_vlm_2026-07-08/figures/rec_003315_aligning_foundation_models_on_encoded_synthetic_omic_data/figures_manifest.json,data/docling_uncertain_manual_downloads2_no_vlm_2026-07-08/manifests/docling_smoke_manifest.json,data/docling_uncertain_manual_downloads2_no_vlm_2026-07-08,1,
rec_003323,full_2026-07-06__rec_003323,Teampath: Building multimodal pathology experts with reasoning ai copilots,,none,foundation_model_evidence_unclear,docling_ok,ok,pdf,data/full_text_downloads_2026-07-07/retry_batch_090_119/full_2026-07-06__rec_003323__Teampath_Building_multimodal_pathology_experts_with_reasoning_ai_copil/full_text_03_openalex_title_pdf_url.pdf,data/docling_uncertain_no_vlm_2026-07-08/documents/full_2026_07_06_rec_003323.docling.json,data/docling_uncertain_no_vlm_2026-07-08/markdown/full_2026_07_06_rec_003323.md,data/docling_uncertain_no_vlm_2026-07-08/chunks/full_2026_07_06_rec_003323.jsonl,117,16,data/docling_uncertain_no_vlm_2026-07-08/figures/full_2026_07_06_rec_003323/figures_manifest.json,data/docling_uncertain_no_vlm_2026-07-08/manifests/docling_smoke_manifest.json,data/docling_uncertain_no_vlm_2026-07-08,1,
rec_003328,full_2026-07-06__rec_003328,MAMMAL--Molecular Aligned Multi-Modal Architecture and Language,,none,generative_status_unclear,docling_ok,ok,pdf,data/full_text_downloads_2026-07-07/retry_batch_090_119/full_2026-07-06__rec_003328__MAMMAL--Molecular_Aligned_Multi-Modal_Architecture_and_Language/full_text_01_openalex_title_pdf_url.pdf,data/docling_uncertain_no_vlm_2026-07-08/documents/full_2026_07_06_rec_003328.docling.json,data/docling_uncertain_no_vlm_2026-07-08/markdown/full_2026_07_06_rec_003328.md,data/docling_uncertain_no_vlm_2026-07-08/chunks/full_2026_07_06_rec_003328.jsonl,169,6,data/docling_uncertain_no_vlm_2026-07-08/figures/full_2026_07_06_rec_003328/figures_manifest.json,data/docling_uncertain_no_vlm_2026-07-08/manifests/docling_smoke_manifest.json,data/docling_uncertain_no_vlm_2026-07-08,1,
rec_003344,full_2026-07-06__rec_003344,Single-cell exploration in natural language,,none,generative_status_unclear,docling_ok,ok,html,data/full_text_missing_uncertain_retry_2026-07-08/standard_retry/run__rec_003344__Single-cell_exploration_in_natural_language/full_text_01_crossref_title_link.html,data/docling_uncertain_html_no_vlm_2026-07-08/documents/html_rec_003344.docling.json,data/docling_uncertain_html_no_vlm_2026-07-08/markdown/html_rec_003344.md,data/docling_uncertain_html_no_vlm_2026-07-08/chunks/html_rec_003344.jsonl,26,,,data/docling_uncertain_html_no_vlm_2026-07-08/manifests/docling_html_manifest.json,data/docling_uncertain_html_no_vlm_2026-07-08,1,
rec_003349,full_2026-07-06__rec_003349,Actionable Gene Expression Cell Profiling with Foundation Models,,none,paper_type_unclear,docling_ok,ok,pdf,data/full_text_problem_retry_2026-07-08/web_found_pdfs/rec_003349/rec_003349_repozitorij.pdf,data/docling_uncertain_problem_retry_no_vlm_2026-07-08/documents/rec_003349_repozitorij.docling.json,data/docling_uncertain_problem_retry_no_vlm_2026-07-08/markdown/rec_003349_repozitorij.md,data/docling_uncertain_problem_retry_no_vlm_2026-07-08/chunks/rec_003349_repozitorij.jsonl,148,11,data/docling_uncertain_problem_retry_no_vlm_2026-07-08/figures/rec_003349_repozitorij/figures_manifest.json,data/docling_uncertain_problem_retry_no_vlm_2026-07-08/manifests/docling_smoke_manifest.json,data/docling_uncertain_problem_retry_no_vlm_2026-07-08,1,
rec_003361,full_2026-07-06__rec_003361,LangCell: Language-Cell 737 Pre-training for Cell Identity Understanding,,none,generative_status_unclear,docling_ok,ok,pdf,data/full_text_downloads_2026-07-07/retry2_batch_050_074/full_2026-07-06__rec_003361__LangCell_Language-Cell_737_Pre-training_for_Cell_Identity_Understandin/full_text_02_semantic_scholar_title_arxiv_p.pdf,data/docling_uncertain_no_vlm_2026-07-08/documents/full_2026_07_06_rec_003361.docling.json,data/docling_uncertain_no_vlm_2026-07-08/markdown/full_2026_07_06_rec_003361.md,data/docling_uncertain_no_vlm_2026-07-08/chunks/full_2026_07_06_rec_003361.jsonl,174,16,data/docling_uncertain_no_vlm_2026-07-08/figures/full_2026_07_06_rec_003361/figures_manifest.json,data/docling_uncertain_no_vlm_2026-07-08/manifests/docling_smoke_manifest.json,data/docling_uncertain_no_vlm_2026-07-08,1,
rec_003434,full_2026-07-06__rec_003434,The End of Aging Clocks: Training Foundation Models to Reason in Aging and Longevity,10.64898/2026.03.28.714980,none,text_bio_bridge_unclear,docling_ok,ok,pdf,data/full_text_downloads_2026-07-07/openalex_content_pass_26/full_2026-07-06__rec_003434__The_End_of_Aging_Clocks_Training_Foundation_Models_to_Reason_in_Aging_/full_text_05_openalex_content_pdf.pdf,data/docling_uncertain_no_vlm_2026-07-08/documents/full_2026_07_06_rec_003434.docling.json,data/docling_uncertain_no_vlm_2026-07-08/markdown/full_2026_07_06_rec_003434.md,data/docling_uncertain_no_vlm_2026-07-08/chunks/full_2026_07_06_rec_003434.jsonl,54,7,data/docling_uncertain_no_vlm_2026-07-08/figures/full_2026_07_06_rec_003434/figures_manifest.json,data/docling_uncertain_no_vlm_2026-07-08/manifests/docling_smoke_manifest.json,data/docling_uncertain_no_vlm_2026-07-08,1,
rec_003448,full_2026-07-06__rec_003448,AI for Scientific Discovery in Omics Data-Driven Precision Medicine.,,none,paper_type_unclear,docling_ok,ok,pdf,data/full_text_downloads_2026-07-07/retry_batch_090_119/full_2026-07-06__rec_003448__AI_for_Scientific_Discovery_in_Omics_Data-Driven_Precision_Medicine./full_text_05_europepmc_title_Europe_PMC.pdf,data/docling_uncertain_no_vlm_2026-07-08/documents/full_2026_07_06_rec_003448.docling.json,data/docling_uncertain_no_vlm_2026-07-08/markdown/full_2026_07_06_rec_003448.md,data/docling_uncertain_no_vlm_2026-07-08/chunks/full_2026_07_06_rec_003448.jsonl,88,6,data/docling_uncertain_no_vlm_2026-07-08/figures/full_2026_07_06_rec_003448/figures_manifest.json,data/docling_uncertain_no_vlm_2026-07-08/manifests/docling_smoke_manifest.json,data/docling_uncertain_no_vlm_2026-07-08,1,
rec_003578,full_2026-07-06__rec_003578,"Causal Circuit Tracing Reveals Distinct Computational Architectures in Single-Cell Foundation Models: Inhibitory Dominance, Biological Coherence, and Cross-Model Convergence",10.48550/arXiv.2603.01752,none,text_component_unclear,docling_ok,ok,pdf,data/full_text_downloads_2026-07-07/batch_200_249/full_2026-07-06__rec_003578__Causal_Circuit_Tracing_Reveals_Distinct_Computational_Architectures_in/full_text_01_arxiv_pdf.pdf,data/docling_uncertain_no_vlm_2026-07-08/documents/full_2026_07_06_rec_003578.docling.json,data/docling_uncertain_no_vlm_2026-07-08/markdown/full_2026_07_06_rec_003578.md,data/docling_uncertain_no_vlm_2026-07-08/chunks/full_2026_07_06_rec_003578.jsonl,144,14,data/docling_uncertain_no_vlm_2026-07-08/figures/full_2026_07_06_rec_003578/figures_manifest.json,data/docling_uncertain_no_vlm_2026-07-08/manifests/docling_smoke_manifest.json,data/docling_uncertain_no_vlm_2026-07-08,1,
rec_003613,full_2026-07-06__rec_003613,Generalist biological artificial intelligence in modeling the language of life,,none,paper_type_unclear,docling_ok,ok,html,data/full_text_missing_uncertain_retry_2026-07-08/standard_retry/run__rec_003613__Generalist_biological_artificial_intelligence_in_modeling_the_language/full_text_01_openalex_title_landing_page_ur.html,data/docling_uncertain_html_no_vlm_2026-07-08/documents/html_rec_003613.docling.json,data/docling_uncertain_html_no_vlm_2026-07-08/markdown/html_rec_003613.md,data/docling_uncertain_html_no_vlm_2026-07-08/chunks/html_rec_003613.jsonl,306,,,data/docling_uncertain_html_no_vlm_2026-07-08/manifests/docling_html_manifest.json,data/docling_uncertain_html_no_vlm_2026-07-08,1,
rec_003620,full_2026-07-06__rec_003620,ST-Align: Multi-Scale Image-Gene Foundation Modeling for Spatial Transcriptomics via Spot-Niche Alignment,,none,generative_status_unclear,docling_ok,ok,pdf,data/full_text_problem_retry_2026-07-08/manual_downloads/rec_003620_st_align_multi_scale_image_gene_foundation_modeling.pdf,data/docling_uncertain_manual_downloads2_no_vlm_2026-07-08/documents/rec_003620_st_align_multi_scale_image_gene_foundation_modeling.docling.json,data/docling_uncertain_manual_downloads2_no_vlm_2026-07-08/markdown/rec_003620_st_align_multi_scale_image_gene_foundation_modeling.md,data/docling_uncertain_manual_downloads2_no_vlm_2026-07-08/chunks/rec_003620_st_align_multi_scale_image_gene_foundation_modeling.jsonl,55,2,data/docling_uncertain_manual_downloads2_no_vlm_2026-07-08/figures/rec_003620_st_align_multi_scale_image_gene_foundation_modeling/figures_manifest.json,data/docling_uncertain_manual_downloads2_no_vlm_2026-07-08/manifests/docling_smoke_manifest.json,data/docling_uncertain_manual_downloads2_no_vlm_2026-07-08,1,
rec_003627,full_2026-07-06__rec_003627,Towards Spatial Transcriptomics-driven Pathology Foundation Models,,none,paper_type_unclear,docling_ok,ok,pdf,data/full_text_downloads_2026-07-07/retry2_batch_050_074/full_2026-07-06__rec_003627__Towards_Spatial_Transcriptomics-driven_Pathology_Foundation_Models/full_text_02_semantic_scholar_title_arxiv_p.pdf,data/docling_uncertain_no_vlm_2026-07-08/documents/full_2026_07_06_rec_003627.docling.json,data/docling_uncertain_no_vlm_2026-07-08/markdown/full_2026_07_06_rec_003627.md,data/docling_uncertain_no_vlm_2026-07-08/chunks/full_2026_07_06_rec_003627.jsonl,435,9,data/docling_uncertain_no_vlm_2026-07-08/figures/full_2026_07_06_rec_003627/figures_manifest.json,data/docling_uncertain_no_vlm_2026-07-08/manifests/docling_smoke_manifest.json,data/docling_uncertain_no_vlm_2026-07-08,1,
rec_003644,full_2026-07-06__rec_003644,Toward a universal foundation model for graph-structured data,,none,paper_type_unclear,docling_ok,ok,pdf,data/full_text_missing_uncertain_retry_2026-07-08/standard_retry/run__rec_003644__Toward_a_universal_foundation_model_for_graph-structured_data/full_text_02_semantic_scholar_title_arxiv_p.pdf,data/docling_uncertain_no_vlm_retry_2026-07-08/documents/run_rec_003644.docling.json,data/docling_uncertain_no_vlm_retry_2026-07-08/markdown/run_rec_003644.md,data/docling_uncertain_no_vlm_retry_2026-07-08/chunks/run_rec_003644.jsonl,104,17,data/docling_uncertain_no_vlm_retry_2026-07-08/figures/run_rec_003644/figures_manifest.json,data/docling_uncertain_no_vlm_retry_2026-07-08/manifests/docling_smoke_manifest.json,data/docling_uncertain_no_vlm_retry_2026-07-08,1,
rec_003649,full_2026-07-06__rec_003649,HitAnno: Atlas-level cell type annotation based on scATAC-seq data via a hierarchical language model,,none,foundation_model_evidence_unclear,docling_ok,ok,pdf,data/full_text_problem_retry_2026-07-08/chrome_download_remaining/rec_003649_biorxiv_2026.03.10.710729v1.full.pdf,data/docling_uncertain_chrome_remaining_no_vlm_2026-07-08/documents/rec_003649_biorxiv_2026_03_10_710729v1_full.docling.json,data/docling_uncertain_chrome_remaining_no_vlm_2026-07-08/markdown/rec_003649_biorxiv_2026_03_10_710729v1_full.md,data/docling_uncertain_chrome_remaining_no_vlm_2026-07-08/chunks/rec_003649_biorxiv_2026_03_10_710729v1_full.jsonl,86,5,data/docling_uncertain_chrome_remaining_no_vlm_2026-07-08/figures/rec_003649_biorxiv_2026_03_10_710729v1_full/figures_manifest.json,data/docling_uncertain_chrome_remaining_no_vlm_2026-07-08/manifests/docling_smoke_manifest.json,data/docling_uncertain_chrome_remaining_no_vlm_2026-07-08,1,
rec_003674,full_2026-07-06__rec_003674,Deep Learning Strategies for Representation Learning and Generative Modeling in the Biosciences,,none,mixed_signals,docling_ok,ok,pdf,data/full_text_problem_retry_2026-07-08/chrome_download_remaining/rec_003674_escholarship_qt3kz2n7rt.pdf,data/docling_uncertain_chrome_remaining_no_vlm_2026-07-08/documents/rec_003674_escholarship_qt3kz2n7rt.docling.json,data/docling_uncertain_chrome_remaining_no_vlm_2026-07-08/markdown/rec_003674_escholarship_qt3kz2n7rt.md,data/docling_uncertain_chrome_remaining_no_vlm_2026-07-08/chunks/rec_003674_escholarship_qt3kz2n7rt.jsonl,236,29,data/docling_uncertain_chrome_remaining_no_vlm_2026-07-08/figures/rec_003674_escholarship_qt3kz2n7rt/figures_manifest.json,data/docling_uncertain_chrome_remaining_no_vlm_2026-07-08/manifests/docling_smoke_manifest.json,data/docling_uncertain_chrome_remaining_no_vlm_2026-07-08,1,
rec_003763,full_2026-07-06__rec_003763,"Escaping the forest: a sparse, interpretable, and foundational neural network alternative for tabular data",,none,mixed_signals,docling_ok,ok,pdf,data/full_text_downloads_2026-07-07/retry_batch_120_149/full_2026-07-06__rec_003763__Escaping_the_forest_a_sparse_interpretable_and_foundational_neural_net/full_text_01_openalex_title_pdf_url.pdf,data/docling_uncertain_no_vlm_2026-07-08/documents/full_2026_07_06_rec_003763.docling.json,data/docling_uncertain_no_vlm_2026-07-08/markdown/full_2026_07_06_rec_003763.md,data/docling_uncertain_no_vlm_2026-07-08/chunks/full_2026_07_06_rec_003763.jsonl,116,11,data/docling_uncertain_no_vlm_2026-07-08/figures/full_2026_07_06_rec_003763/figures_manifest.json,data/docling_uncertain_no_vlm_2026-07-08/manifests/docling_smoke_manifest.json,data/docling_uncertain_no_vlm_2026-07-08,1,
rec_003770,full_2026-07-06__rec_003770,Pushing the boundaries of autonomous biological discovery: Bioinformatics,,none,text_component_unclear,docling_ok,ok,html,data/full_text_missing_uncertain_retry_2026-07-08/standard_retry/run__rec_003770__Pushing_the_boundaries_of_autonomous_biological_discovery_Bioinformati/full_text_01_crossref_title_link.html,data/docling_uncertain_html_no_vlm_2026-07-08/documents/html_rec_003770.docling.json,data/docling_uncertain_html_no_vlm_2026-07-08/markdown/html_rec_003770.md,data/docling_uncertain_html_no_vlm_2026-07-08/chunks/html_rec_003770.jsonl,43,,,data/docling_uncertain_html_no_vlm_2026-07-08/manifests/docling_html_manifest.json,data/docling_uncertain_html_no_vlm_2026-07-08,1,
rec_003853,full_2026-07-06__rec_003853,From Modality Translation to Regulatory Reasoning: Interpretable AI for Single-Cell Multi-Omic Systems,,none,paper_type_unclear,docling_ok,ok,pdf,data/full_text_problem_retry_2026-07-08/web_found_pdfs/rec_003853/rec_003853_web_found.pdf,data/docling_uncertain_problem_retry_no_vlm_2026-07-08/documents/rec_003853_web_found.docling.json,data/docling_uncertain_problem_retry_no_vlm_2026-07-08/markdown/rec_003853_web_found.md,data/docling_uncertain_problem_retry_no_vlm_2026-07-08/chunks/rec_003853_web_found.jsonl,782,48,data/docling_uncertain_problem_retry_no_vlm_2026-07-08/figures/rec_003853_web_found/figures_manifest.json,data/docling_uncertain_problem_retry_no_vlm_2026-07-08/manifests/docling_smoke_manifest.json,data/docling_uncertain_problem_retry_no_vlm_2026-07-08,1,
rec_003947,full_2026-07-06__rec_003947,CLIP-IT: CLIP-based Pairing of Histology Images with Privileged Textual Information,,none,mixed_signals,docling_ok,ok,pdf,data/full_text_problem_retry_2026-07-08/web_found_pdfs/rec_003947/rec_003947_web_found.pdf,data/docling_uncertain_problem_retry_no_vlm_2026-07-08/documents/rec_003947_web_found.docling.json,data/docling_uncertain_problem_retry_no_vlm_2026-07-08/markdown/rec_003947_web_found.md,data/docling_uncertain_problem_retry_no_vlm_2026-07-08/chunks/rec_003947_web_found.jsonl,76,7,data/docling_uncertain_problem_retry_no_vlm_2026-07-08/figures/rec_003947_web_found/figures_manifest.json,data/docling_uncertain_problem_retry_no_vlm_2026-07-08/manifests/docling_smoke_manifest.json,data/docling_uncertain_problem_retry_no_vlm_2026-07-08,1,
rec_003954,full_2026-07-06__rec_003954,"Advancing Cancer Prognosis with Hierarchical Fusion of Genomic, Proteomic and Pathology Imaging Data from a Systems Biology Perspective",,none,text_bio_bridge_unclear,docling_ok,ok,pdf,data/full_text_downloads_2026-07-07/retry2_batch_075_097/full_2026-07-06__rec_003954__Advancing_Cancer_Prognosis_with_Hierarchical_Fusion_of_Genomic_Proteom/full_text_02_semantic_scholar_title_arxiv_p.pdf,data/docling_uncertain_no_vlm_2026-07-08/documents/full_2026_07_06_rec_003954.docling.json,data/docling_uncertain_no_vlm_2026-07-08/markdown/full_2026_07_06_rec_003954.md,data/docling_uncertain_no_vlm_2026-07-08/chunks/full_2026_07_06_rec_003954.jsonl,118,5,data/docling_uncertain_no_vlm_2026-07-08/figures/full_2026_07_06_rec_003954/figures_manifest.json,data/docling_uncertain_no_vlm_2026-07-08/manifests/docling_smoke_manifest.json,data/docling_uncertain_no_vlm_2026-07-08,1,
rec_003985,full_2026-07-06__rec_003985,"Hao Liu1, and Deyi Xiong1, 3 1Tianjin University 2Tsinghua University 3Shenzhen Loop Area Institute",,none,text_bio_bridge_unclear,docling_ok,ok,pdf,data/full_text_problem_retry_2026-07-08/web_found_pdfs/rec_003985/rec_003985_web_found.pdf,data/docling_uncertain_problem_retry2_no_vlm_2026-07-08/documents/rec_003985_web_found.docling.json,data/docling_uncertain_problem_retry2_no_vlm_2026-07-08/markdown/rec_003985_web_found.md,data/docling_uncertain_problem_retry2_no_vlm_2026-07-08/chunks/rec_003985_web_found.jsonl,90,2,data/docling_uncertain_problem_retry2_no_vlm_2026-07-08/figures/rec_003985_web_found/figures_manifest.json,data/docling_uncertain_problem_retry2_no_vlm_2026-07-08/manifests/docling_smoke_manifest.json,data/docling_uncertain_problem_retry2_no_vlm_2026-07-08,1,
