"source","target","label"
"TaxonomyCodedDocument_7cb4884d3ce7360e","TaxonomyCodedRoute_61db1c980e00e2d0","HAS_CODED_INPUT_ROUTE"
"TaxonomyCodedDocument_7cb4884d3ce7360e","TaxonomyCodedRoute_06286629d786c7bd","HAS_CODED_INPUT_ROUTE"
"TaxonomyCodedDocument_7cb4884d3ce7360e","TaxonomyCodedRoute_a4377776f712355e","HAS_CODED_INPUT_ROUTE"
"TaxonomyCodedDocument_7cb4884d3ce7360e","TaxonomyCodedRoute_3d2f13c6171e25c7","HAS_CODED_INPUT_ROUTE"
"TaxonomyCodedDocument_7cb4884d3ce7360e","TaxonomyCodedRoute_db3015dac2bc6de4","HAS_CODED_INPUT_ROUTE"
"TaxonomyCodedDocument_7cb4884d3ce7360e","TaxonomyCodedRoute_dc2ca1c9094108a9","HAS_CODED_INPUT_ROUTE"
"TaxonomyCodedDocument_7cb4884d3ce7360e","TaxonomyCodedRoute_57e85a17b8eaf55f","HAS_CODED_INPUT_ROUTE"
"TaxonomyCodedDocument_7cb4884d3ce7360e","TaxonomyCodedRoute_bdb2e7fe1d0f60c6","HAS_CODED_INPUT_ROUTE"
"TaxonomyCodedDocument_7cb4884d3ce7360e","TaxonomyCodedRoute_4f0e934add65ba1c","HAS_CODED_INPUT_ROUTE"
"TaxonomyCodedDocument_7cb4884d3ce7360e","TaxonomyCodedRoute_39b7d5be32d1f56d","HAS_CODED_INPUT_ROUTE"
"TaxonomyCodedDocument_7cb4884d3ce7360e","TaxonomyCodedRoute_0f92e9261efe1f72","HAS_CODED_INPUT_ROUTE"
"TaxonomyCodedDocument_7cb4884d3ce7360e","TaxonomyCodedRoute_e3a9426bbf97b56e","HAS_CODED_INPUT_ROUTE"
"TaxonomyCodedDocument_7cb4884d3ce7360e","TaxonomyCodedRoute_83c93a2e391d8682","HAS_CODED_INPUT_ROUTE"
"TaxonomyCodedDocument_7cb4884d3ce7360e","TaxonomyCodedRoute_fcfe38fdfe67137d","HAS_CODED_INPUT_ROUTE"
"TaxonomyCodedDocument_7cb4884d3ce7360e","TaxonomyCodedRoute_819e814db4ce4d0f","HAS_CODED_INPUT_ROUTE"
"TaxonomyCodedDocument_7cb4884d3ce7360e","TaxonomyCodedRoute_2c573e0786abf6de","HAS_CODED_INPUT_ROUTE"
"TaxonomyCodedDocument_7cb4884d3ce7360e","TaxonomyCodedRoute_4eab5ac1fc5d90a3","HAS_CODED_INPUT_ROUTE"
"TaxonomyCodedDocument_7cb4884d3ce7360e","TaxonomyCodedRoute_10adceb7905c4845","HAS_CODED_INPUT_ROUTE"
"TaxonomyCodedDocument_7cb4884d3ce7360e","TaxonomyCodedRoute_016ec34f02bdc638","HAS_CODED_INPUT_ROUTE"
"TaxonomyCodedDocument_7cb4884d3ce7360e","TaxonomyCodedRoute_e36a80397b7c4ae7","HAS_CODED_INPUT_ROUTE"
"TaxonomyCodedDocument_7cb4884d3ce7360e","TaxonomyCodedRoute_ab6ea3ab9ff12a93","HAS_CODED_INPUT_ROUTE"
"TaxonomyCodedDocument_7cb4884d3ce7360e","TaxonomyCodedRoute_17f660e4d13e659d","HAS_CODED_INPUT_ROUTE"
"TaxonomyCodedDocument_7cb4884d3ce7360e","TaxonomyCodedRoute_99ace76068a40aaa","HAS_CODED_INPUT_ROUTE"
"TaxonomyCodedDocument_7cb4884d3ce7360e","TaxonomyCodedRoute_f64961e84755aa84","HAS_CODED_INPUT_ROUTE"
"TaxonomyCodedDocument_7cb4884d3ce7360e","TaxonomyCodedRoute_935c57332d4c1b9d","HAS_CODED_INPUT_ROUTE"
"TaxonomyCodedDocument_7cb4884d3ce7360e","TaxonomyCodedRoute_1480e7bc391f4e30","HAS_CODED_INPUT_ROUTE"
"TaxonomyCodedDocument_7cb4884d3ce7360e","TaxonomyCodedRoute_13ddbf820a8f3f84","HAS_CODED_INPUT_ROUTE"
"TaxonomyCodedDocument_7cb4884d3ce7360e","TaxonomyCodedRoute_15df8d9d31862f65","HAS_CODED_INPUT_ROUTE"
"TaxonomyCodedDocument_7cb4884d3ce7360e","TaxonomyCodedRoute_fe46f23dc99ef9c9","HAS_CODED_INPUT_ROUTE"
"TaxonomyCodedDocument_7cb4884d3ce7360e","TaxonomyCodedRoute_3f9fb56ad06bb6e6","HAS_CODED_INPUT_ROUTE"
"TaxonomyCodedDocument_7cb4884d3ce7360e","TaxonomyCodedRoute_7b0beeb3bfe5173d","HAS_CODED_INPUT_ROUTE"
"TaxonomyCodedDocument_7cb4884d3ce7360e","TaxonomyCodedRoute_0ab6396dfc1fa95d","HAS_CODED_INPUT_ROUTE"
"TaxonomyCodedDocument_7cb4884d3ce7360e","TaxonomyCodedRoute_45b7527828ba46b1","HAS_CODED_INPUT_ROUTE"
"TaxonomyCodedDocument_7cb4884d3ce7360e","TaxonomyCodedRoute_b420283851adcab7","HAS_CODED_INPUT_ROUTE"
"TaxonomyCodedDocument_7cb4884d3ce7360e","TaxonomyCodedRoute_c7b6e86712ac21e7","HAS_CODED_INPUT_ROUTE"
"TaxonomyCodedDocument_7cb4884d3ce7360e","TaxonomyCodedRoute_4b30d89d5a81cf9b","HAS_CODED_INPUT_ROUTE"
"TaxonomyCodedDocument_7cb4884d3ce7360e","TaxonomyCodedRoute_b5e5dbed34c5700d","HAS_CODED_INPUT_ROUTE"
"TaxonomyCodedDocument_7cb4884d3ce7360e","TaxonomyCodedRoute_aba19ffeab0c3201","HAS_CODED_INPUT_ROUTE"
"TaxonomyCodedDocument_7cb4884d3ce7360e","TaxonomyCodedRoute_973b9e091770838e","HAS_CODED_INPUT_ROUTE"
"TaxonomyCodedDocument_7cb4884d3ce7360e","TaxonomyCodedRoute_c8f58628860439e5","HAS_CODED_INPUT_ROUTE"
"TaxonomyCodedDocument_7cb4884d3ce7360e","TaxonomyCodedRoute_83c466f308743cc9","HAS_CODED_INPUT_ROUTE"
"TaxonomyCodedDocument_7cb4884d3ce7360e","TaxonomyCodedRoute_f56691b2f1e137b0","HAS_CODED_INPUT_ROUTE"
"TaxonomyCodedDocument_7cb4884d3ce7360e","TaxonomyCodedRoute_182f63f8efbcfdce","HAS_CODED_INPUT_ROUTE"
"TaxonomyCodedDocument_7cb4884d3ce7360e","TaxonomyCodedRoute_5fcaa4d3d35490ed","HAS_CODED_INPUT_ROUTE"
"TaxonomyCodedDocument_7cb4884d3ce7360e","TaxonomyCodedRoute_ca1053b0e79a9894","HAS_CODED_INPUT_ROUTE"
"TaxonomyCodedDocument_7cb4884d3ce7360e","TaxonomyCodedRoute_d8de5b276c58709f","HAS_CODED_INPUT_ROUTE"
"TaxonomyCodedDocument_7cb4884d3ce7360e","TaxonomyCodedRoute_9d9b1b188613c982","HAS_CODED_INPUT_ROUTE"
"TaxonomyCodedDocument_7cb4884d3ce7360e","TaxonomyCodedRoute_98b78b2b49759f8f","HAS_CODED_INPUT_ROUTE"
"TaxonomyCodedDocument_7cb4884d3ce7360e","TaxonomyCodedRoute_f1cd917e49187315","HAS_CODED_INPUT_ROUTE"
"TaxonomyCodedDocument_7cb4884d3ce7360e","TaxonomyCodedRoute_ca2b0b37558309bb","HAS_CODED_INPUT_ROUTE"
"TaxonomyCodedDocument_7cb4884d3ce7360e","TaxonomyCodedRoute_f39d94db94af50e5","HAS_CODED_INPUT_ROUTE"
"TaxonomyCodedDocument_7cb4884d3ce7360e","TaxonomyCodedRoute_c061634b1c919c5f","HAS_CODED_INPUT_ROUTE"
"TaxonomyCodedDocument_7cb4884d3ce7360e","TaxonomyCodedRoute_329d829ec8fc3fd1","HAS_CODED_INPUT_ROUTE"
"TaxonomyCodedDocument_7cb4884d3ce7360e","TaxonomyCodedRoute_f2cfebf7a16fcf34","HAS_CODED_INPUT_ROUTE"
"TaxonomyCodedDocument_7cb4884d3ce7360e","TaxonomyCodedRoute_4e8fe5e3ee4c7ff4","HAS_CODED_INPUT_ROUTE"
"TaxonomyCodedDocument_7cb4884d3ce7360e","TaxonomyCodedRoute_e2422267baf8f6e2","HAS_CODED_INPUT_ROUTE"
"TaxonomyCodedDocument_7cb4884d3ce7360e","TaxonomyCodedRoute_ee429ba7bf16ab69","HAS_CODED_INPUT_ROUTE"
"TaxonomyCodedDocument_7cb4884d3ce7360e","TaxonomyCodedRoute_2af1110bef75010d","HAS_CODED_INPUT_ROUTE"
"TaxonomyCodedDocument_7cb4884d3ce7360e","TaxonomyCodedRoute_c4ade3f7c806d1c3","HAS_CODED_INPUT_ROUTE"
"TaxonomyCodedDocument_7cb4884d3ce7360e","TaxonomyCodedRoute_f358f10f0f01a2af","HAS_CODED_INPUT_ROUTE"
"TaxonomyCodedDocument_7cb4884d3ce7360e","TaxonomyCodedRoute_1041a4100d6b6509","HAS_CODED_INPUT_ROUTE"
"TaxonomyCodedDocument_7cb4884d3ce7360e","TaxonomyCodedRoute_82499e4426c78d7f","HAS_CODED_INPUT_ROUTE"
"TaxonomyCodedDocument_7cb4884d3ce7360e","TaxonomyCodedRoute_80de09050a36ef75","HAS_CODED_INPUT_ROUTE"
"TaxonomyCodedDocument_7cb4884d3ce7360e","TaxonomyCodedRoute_206a84bb37595b97","HAS_CODED_INPUT_ROUTE"
"TaxonomyCodedDocument_7cb4884d3ce7360e","TaxonomyCodedRoute_83e4a1f09232d4c3","HAS_CODED_INPUT_ROUTE"
"TaxonomyCodedDocument_7cb4884d3ce7360e","TaxonomyCodedRoute_c0733d31841d5b43","HAS_CODED_INPUT_ROUTE"
"TaxonomyCodedDocument_7cb4884d3ce7360e","TaxonomyCodedRoute_fbac24547d955703","HAS_CODED_INPUT_ROUTE"
"TaxonomyCodedDocument_7cb4884d3ce7360e","TaxonomyCodedRoute_8be4694cec622e38","HAS_CODED_INPUT_ROUTE"
"TaxonomyCodedDocument_7cb4884d3ce7360e","TaxonomyCodedRoute_d6362a9608e54e28","HAS_CODED_INPUT_ROUTE"
"TaxonomyCodedDocument_7cb4884d3ce7360e","TaxonomyCodedRoute_c7a64ec77e29a788","HAS_CODED_INPUT_ROUTE"
"TaxonomyCodedDocument_7cb4884d3ce7360e","TaxonomyCodedRoute_d9570cf93a0c6daa","HAS_CODED_INPUT_ROUTE"
"TaxonomyCodedDocument_7cb4884d3ce7360e","TaxonomyCodedRoute_adc6aba79fa9caa8","HAS_CODED_INPUT_ROUTE"
"TaxonomyCodedDocument_7cb4884d3ce7360e","TaxonomyCodedRoute_3011fed0dfa18692","HAS_CODED_INPUT_ROUTE"
"TaxonomyCodedDocument_7cb4884d3ce7360e","TaxonomyCodedRoute_0455e5d9ee09ed22","HAS_CODED_INPUT_ROUTE"
"TaxonomyCodedDocument_7cb4884d3ce7360e","TaxonomyCodedRoute_5bfd901a0bf2a685","HAS_CODED_INPUT_ROUTE"
"TaxonomyCodedDocument_7cb4884d3ce7360e","TaxonomyCodedRoute_df3625a511d73e40","HAS_CODED_INPUT_ROUTE"
"TaxonomyCodedDocument_7cb4884d3ce7360e","TaxonomyCodedRoute_456dd5fd351dbc90","HAS_CODED_INPUT_ROUTE"
"TaxonomyCodedDocument_7cb4884d3ce7360e","TaxonomyCodedRoute_f730ba23381e69f5","HAS_CODED_INPUT_ROUTE"
"TaxonomyCodedDocument_7cb4884d3ce7360e","TaxonomyCodedRoute_04d8dd0ca8e9dfb1","HAS_CODED_INPUT_ROUTE"
"TaxonomyCodedDocument_7cb4884d3ce7360e","TaxonomyCodedRoute_9ed4c2d1a83392cf","HAS_CODED_INPUT_ROUTE"
"TaxonomyCodedDocument_7cb4884d3ce7360e","TaxonomyCodedRoute_32f4c111396302ad","HAS_CODED_INPUT_ROUTE"
"TaxonomyCodedDocument_7cb4884d3ce7360e","TaxonomyCodedRoute_55184b8de1f92c66","HAS_CODED_INPUT_ROUTE"
"TaxonomyCodedDocument_7cb4884d3ce7360e","TaxonomyCodedRoute_4c0a935d84326dc9","HAS_CODED_INPUT_ROUTE"
"TaxonomyCodedDocument_7cb4884d3ce7360e","TaxonomyCodedRoute_5849dd8ae0652a31","HAS_CODED_INPUT_ROUTE"
"TaxonomyCodedDocument_7cb4884d3ce7360e","TaxonomyCodedRoute_529767bc3909732b","HAS_CODED_INPUT_ROUTE"
"TaxonomyCodedDocument_7cb4884d3ce7360e","TaxonomyCodedRoute_e31d3ef2b3fe4671","HAS_CODED_INPUT_ROUTE"
"TaxonomyCodedDocument_7cb4884d3ce7360e","TaxonomyCodedRoute_8ddf7af4fe891f56","HAS_CODED_INPUT_ROUTE"
"TaxonomyCodedDocument_7cb4884d3ce7360e","TaxonomyCodedRoute_30392d539e7d5c3d","HAS_CODED_INPUT_ROUTE"
"TaxonomyCodedDocument_7cb4884d3ce7360e","TaxonomyCodedRoute_625b8d15688db3b7","HAS_CODED_INPUT_ROUTE"
"TaxonomyCodedDocument_7cb4884d3ce7360e","TaxonomyCodedRoute_fe424ee87317ae01","HAS_CODED_INPUT_ROUTE"
"TaxonomyCodedDocument_7cb4884d3ce7360e","TaxonomyCodedRoute_dfafd850777fffb0","HAS_CODED_INPUT_ROUTE"
"TaxonomyCodedDocument_7cb4884d3ce7360e","TaxonomyCodedRoute_7ef4f9b493a182cd","HAS_CODED_INPUT_ROUTE"
"TaxonomyCodedDocument_7cb4884d3ce7360e","TaxonomyCodedRoute_28ef18060cd23d0c","HAS_CODED_INPUT_ROUTE"
"TaxonomyCodedDocument_7cb4884d3ce7360e","TaxonomyCodedRoute_e7720fd70a56055a","HAS_CODED_INPUT_ROUTE"
"TaxonomyCodedDocument_7cb4884d3ce7360e","TaxonomyCodedRoute_66fabd72b8c46ed7","HAS_CODED_INPUT_ROUTE"
"TaxonomyCodedDocument_7cb4884d3ce7360e","TaxonomyCodedRoute_d845f32ee8464641","HAS_CODED_INPUT_ROUTE"
"TaxonomyCodedDocument_7cb4884d3ce7360e","TaxonomyCodedRoute_273b3e5b4ee577ec","HAS_CODED_INPUT_ROUTE"
"TaxonomyCodedDocument_7cb4884d3ce7360e","TaxonomyCodedRoute_a3e524d23c54e773","HAS_CODED_INPUT_ROUTE"
"TaxonomyCodedDocument_7cb4884d3ce7360e","TaxonomyCodedRoute_fc19676ad33ec881","HAS_CODED_INPUT_ROUTE"
"TaxonomyCodedDocument_7cb4884d3ce7360e","TaxonomyCodedRoute_066911d71adba562","HAS_CODED_INPUT_ROUTE"
"TaxonomyCodedDocument_7cb4884d3ce7360e","TaxonomyCodedRoute_bc56bb651de70950","HAS_CODED_INPUT_ROUTE"
"TaxonomyCodedDocument_7cb4884d3ce7360e","TaxonomyCodedRoute_f407a642d13aaca1","HAS_CODED_INPUT_ROUTE"
"TaxonomyCodedDocument_7cb4884d3ce7360e","TaxonomyCodedRoute_bf10e7974e032053","HAS_CODED_INPUT_ROUTE"
"TaxonomyCodedDocument_7cb4884d3ce7360e","TaxonomyCodedRoute_b1d80d3daf955cd2","HAS_CODED_INPUT_ROUTE"
"TaxonomyCodedDocument_7cb4884d3ce7360e","TaxonomyCodedRoute_4f307bde0d6d3185","HAS_CODED_INPUT_ROUTE"
"TaxonomyCodedDocument_7cb4884d3ce7360e","TaxonomyCodedRoute_7b36ccaf10b77370","HAS_CODED_INPUT_ROUTE"
"TaxonomyCodedDocument_7cb4884d3ce7360e","TaxonomyCodedRoute_94c6e347540539f4","HAS_CODED_INPUT_ROUTE"
"TaxonomyCodedDocument_7cb4884d3ce7360e","TaxonomyCodedRoute_3fa523226ffb7674","HAS_CODED_INPUT_ROUTE"
"TaxonomyCodedDocument_7cb4884d3ce7360e","TaxonomyCodedRoute_f276b1cc7d7ebf49","HAS_CODED_INPUT_ROUTE"
"TaxonomyCodedDocument_7cb4884d3ce7360e","TaxonomyCodedRoute_1d40e1c5b547097d","HAS_CODED_INPUT_ROUTE"
"TaxonomyCodedDocument_7cb4884d3ce7360e","TaxonomyCodedRoute_10f54eea439e0695","HAS_CODED_INPUT_ROUTE"
"TaxonomyCodedDocument_7cb4884d3ce7360e","TaxonomyCodedRoute_9153bc64ab78cdbf","HAS_CODED_INPUT_ROUTE"
"TaxonomyCodedDocument_7cb4884d3ce7360e","TaxonomyCodedRoute_72b9ed3921d38a59","HAS_CODED_INPUT_ROUTE"
"TaxonomyCodedDocument_7cb4884d3ce7360e","TaxonomyCodedRoute_293bb3ffce87fc01","HAS_CODED_INPUT_ROUTE"
"TaxonomyCodedDocument_7cb4884d3ce7360e","TaxonomyCodedRoute_94b088909dfbcb99","HAS_CODED_INPUT_ROUTE"
"TaxonomyCodedDocument_7cb4884d3ce7360e","TaxonomyCodedRoute_44635cdb140d24ca","HAS_CODED_INPUT_ROUTE"
"TaxonomyCodedDocument_7cb4884d3ce7360e","TaxonomyCodedRoute_7c0f8c1b44ca2d44","HAS_CODED_INPUT_ROUTE"
"TaxonomyCodedDocument_7cb4884d3ce7360e","TaxonomyCodedRoute_b071c86e7bcccbf0","HAS_CODED_INPUT_ROUTE"
"TaxonomyCodedDocument_7cb4884d3ce7360e","TaxonomyCodedRoute_cdd02c79a93c64cd","HAS_CODED_INPUT_ROUTE"
